"ID","Lot Number","Plot Number","Deceased Last Name","Deceased First Name","Deceased Middle Name","Deceased Maiden Name","Date of Birth","Date of Death","Suffix","Field1"
1,"NW-A-001","1","Marlowe","James","Richard",,"03/05/1878","09/03/1936",,
2,"NW-A-001","2","Marlowe","Mattie",,"Sellers","04/23/1887","01/09/1982",,
3,"NW-A-001","3","Marlowe","James","M.",,"11/08/1908","03/12/1960",,
4,"NW-A-001","4","Callias","Roxann",,,"03/02/1980","06/11/2022","M",
5,"NW-A-001","5",,,,,,,,
6,"NW-A-001","6","Marlowe","James","Elliot",,"09/27/1942","10/04/1942",,
7,"NW-A-001","7","Marlowe","William","B.",,"10/18/1911","09/14/1940",,
8,"NW-A-001","8","Rogers","Albert",,,"09/07/1900","09/17/1940",,
9,"NW-A-002","1","Marlowe","Marion",,"Norment","01/31/1918","09/21/2000",,
10,"NW-A-002","2","Marlowe","Edward","Clifton",,"05/08/1915","06/06/2001",,
11,"NW-A-002","3","Marlowe","George","Richard","""Dickie""","11/28/1939","03/15/2015",,
12,"NW-A-002","4",,,,,,,,
13,"NW-A-002","5","Nichols","Margaret",,"Cox","11/05/1870","01/21/1958",,
14,"NW-A-002","6",,,,,,,,
15,"NW-A-002","7",,,,,,,,
16,"NW-A-002","8","Smith","Kamille","Nicole",,"05/22/2001","05/27/2001",,
17,"NW-A-003","1",,,,,,,,
18,"NW-A-003","2","Rogers","Roscoe",,,"1893","1963",,
19,"NW-A-003","3","Rogers","Eveline",,,"1898","1985",,
20,"NW-A-003","4","Rogers","Roscoe",,,"09/09/1925","04/27/1986",,
21,"NW-A-003","5",,,,,,,,
22,"NW-A-003","6","Morrill","Lillie",,"Rogers","02/21/1921","03/20/2003",,
23,"NW-A-003","7","Morrill","Edward","Jennings",,"08/20/1922","07/02/1990",,
24,"NW-A-003","8",,,,,,,,
25,"NW-A-004","1",,,,,,,,
26,"NW-A-004","2","Carter","Carl",,,"1903","1951",,
27,"NW-A-004","3",,,,,,,,
28,"NW-A-004","4",,,,,,,,
29,"NW-A-004","5",,,,,,,,
30,"NW-A-004","6",,,,,,,,
31,"NW-A-004","7","Arrington","Eldridge","H.",,"09/17/1892","08/30/1957",,
32,"NW-A-004","8",,,,,,,,
33,"NW-A-005","1",,,,,,,,
34,"NW-A-005","2",,,,,,,,
35,"NW-A-005","3",,,,,,,,
36,"NW-A-005","4",,,,,,,,
37,"NW-A-005","5",,,,,,,,
38,"NW-A-005","6","Arrington","Alice",,"Crammer","04/01/1904","06/14/1992",,
39,"NW-A-005","7",,,,,,,,
40,"NW-A-005","8",,,,,,,,
41,"NW-A-006","1",,,,,,,,
42,"NW-A-006","2",,,,,,,,
43,"NW-A-006","3",,,,,,,,
44,"NW-A-006","4",,,,,,,,
45,"NW-A-006","5",,,,,,,,
46,"NW-A-006","6","Willis","James","Walton",,,"07/31/2016",,
47,"NW-A-006","7","Willis","Carol",,"Stanley","1938","1971",,
48,"NW-A-006","8",,,,,,,,
49,"NW-A-007","1",,,,,,,,
50,"NW-A-007","2",,,,,,,,
51,"NW-A-007","3",,,,,,,,
52,"NW-A-007","4",,,,,,,,
53,"NW-A-007","5",,,,,,,,
54,"NW-A-007","6",,,,,,,,
55,"NW-A-007","7",,,,,,,,
56,"NW-A-007","8",,,,,,,,
57,"NW-A-008","1",,,,,,,,
58,"NW-A-008","2",,,,,,,,
59,"NW-A-008","3",,,,,,,,
60,"NW-A-008","4","Sellers","Edna","Mae","Hewett","04/15/1944","10/28/2015",,
61,"NW-A-008","5","Sellers","Horace","Robert",,"08/14/1962","08/18/1962",,
62,"NW-A-008","6","Sellers","Deborah","Ann",,"06/13/1964","02/03/1966",,
63,"NW-A-008","7","Sellers","Horace","Wilbur",,"12/05/1939","11/28/2006",,
64,"NW-A-008","8",,,,,,,,
65,"NW-A-009","1",,,,,,,,
66,"NW-A-009","2",,,,,,,,
67,"NW-A-009","3","King","Elizabeth",,"Sellers","01/31/1943","11/15/2014","Dosha",
68,"NW-A-009","4",,,,,,,,
69,"NW-A-009","5","Sellers","James","Wilbur",,"11/18/1907","10/07/1972",,
70,"NW-A-009","6","King","Albert","Franklin",,"12/11/1971","07/13/1994",,
71,"NW-A-009","7",,,,,,,,
72,"NW-A-009","8","Sellers","Sarah","Naomi",,"09/16/1907","12/08/1968",,
73,"NW-A-010","1",,,,,,,,
74,"NW-A-010","2",,,,,,,,
75,"NW-A-010","3",,,,,,,,
76,"NW-A-010","4",,,,,,,,
77,"NW-A-010","5",,,,,,,,
78,"NW-A-010","6","Trunnell","Albert","Glenworth",,"01/26/1907","04/09/1971",,
79,"NW-A-010","7","Trunnell","Myrtle","Louise","Reynolds","04/24/1915","05/26/2004",,
80,"NW-A-010","8",,,,,,,,
81,"NW-A-011","1",,,,,,,,
82,"NW-A-011","2",,,,,,,,
83,"NW-A-011","3",,,,,,,,
84,"NW-A-011","4",,,,,,,,
85,"NW-A-011","5",,,,,,,,
86,"NW-A-011","6","Anderson","Chloe",,"Spainhour",,,,
87,"NW-A-011","7","Spainhour","Robert","Edwin",,"07/20/1927","06/14/1970",,
88,"NW-A-011","8","Altemus","Robert","Joseph",,"06/20/1951","03/29/1970"," Jr.",
89,"NW-A-012","1",,,,,,,,
90,"NW-A-012","2",,,,,,,,
91,"NW-A-012","3",,,,,,,,
92,"NW-A-012","4",,,,,,,,
93,"NW-A-012","5","Stiller","Gloria","Lee",,"00/00/1933","00/00/1997",,
94,"NW-A-012","6","Stiller","Kenneth","Spencer (Skippy)",,"02/27/1929","05/29/2007",,
95,"NW-A-012","7",,,,,,,,
96,"NW-A-012","8",,,,,,,,
97,"NW-A-013","1","Hewett","William","Lee",,"03/12/1899","02/01/1947",,
98,"NW-A-013","2","Hewett","Mary",,"Tharp","01/23/1908","11/11/1987",,
99,"NW-A-013","3",,,,,,,,
100,"NW-A-013","4",,,,,,,,
101,"NW-A-013","5",,,,,,,,
102,"NW-A-013","6",,,,,,,,
103,"NW-A-013","7",,,,,,,,
104,"NW-A-013","8",,,,,,,,
105,"NW-A-014","1",,,,,,,,
106,"NW-A-014","2",,,,,,,,
107,"NW-A-014","3",,,,,,,,
108,"NW-A-014","4",,,,,,,,
109,"NW-A-014","5","Swan","Delores",,"Hewett","11/20/1927","09/18/1998",,
110,"NW-A-014","6","Swan","Reese","Earnhardt",,"08/29/1923","01/21/2016",,
111,"NW-A-014","7","Harrington","Mary","Dee","Swan","08/02/1954","05/17/2025",,
112,"NW-A-014","8",,,,,,,,
113,"NW-A-015","1",,,,,,,,
114,"NW-A-015","2",,,,,,,,
115,"NW-A-015","3",,,,,,,,
116,"NW-A-015","4",,,,,,,,
117,"NW-A-015","5","Hewett","Teresa",,"Aman","07/15/1966",,,
118,"NW-A-015","6","Hewett","Kenneth","William",,"01/10/1958","10/26/2014",,
119,"NW-A-015","7","Beason","Katherine",,"Howard","07/06/1952","04/28/2002",,
120,"NW-A-015","8",,,,,,,,
121,"NW-A-016","1",,,,,,,,
122,"NW-A-016","2","Hewett","Bernice","Lynn",,"03/09/1925","02/28/1978",,
123,"NW-A-016","3","Hewett","Bobbie",,"Duncan",,,,
124,"NW-A-016","4",,,,,,,,
125,"NW-A-016","5",,,,,,,,
126,"NW-A-016","6",,,,,,,,
127,"NW-A-016","7","Hewett","Bernice","Lynn",,"03/09/1925","02/28/1978",,
128,"NW-A-016","8",,,,,,,,
129,"NW-A-017","1",,,,,,,,
130,"NW-A-017","2",,,,,,,,
131,"NW-A-017","3",,,,,,,,
132,"NW-A-017","4",,,,,,,,
133,"NW-A-017","5",,,,,,,,
134,"NW-A-017","6",,,,,,,,
135,"NW-A-017","7","Bellamy","Clinton","Edge",,"02/12/1925","08/28/2000",,
136,"NW-A-017","8","Bellamy","Lorraine",,"Hewett","09/27/1927","06/04/1984",,
137,"NW-A-018","1",,,,,,,,
138,"NW-A-018","2",,,,,,,,
139,"NW-A-018","3",,,,,,,,
140,"NW-A-018","4",,,,,,,,
141,"NW-A-018","5",,,,,,,,
142,"NW-A-018","6",,,,,,,,
143,"NW-A-018","7",,,,,,,,
144,"NW-A-018","8",,,,,,,,
145,"NW-A-019","1",,,,,,,,
146,"NW-A-019","2",,,,,,,,
147,"NW-A-019","3",,,,,,,,
148,"NW-A-019","4",,,,,,,,
149,"NW-A-019","5",,,,,,,,
150,"NW-A-019","6","Connell","Suzanne",,"McLaurin","09/12/1917","09/07/1994",,
151,"NW-A-019","7","Connell","John","Alexander",,"01/14/1945","08/20/1968",,
152,"NW-A-019","8",,,,,,,,
153,"NW-A-020","1",,,,,,,,
154,"NW-A-020","2",,,,,,,,
155,"NW-A-020","3",,,,,,,,
156,"NW-A-020","4",,,,,,,,
157,"NW-A-020","5",,,,,,,,
158,"NW-A-020","6",,,,,,,,
159,"NW-A-020","7",,,,,,,,
160,"NW-A-020","8",,,,,,,,
161,"NW-A-021","1",,,,,,,,
162,"NW-A-021","2",,,,,,,,
163,"NW-A-021","3",,,,,,,,
164,"NW-A-021","4",,,,,,,,
165,"NW-A-021","5","McLaurin","John","Bethea",,"11/05/1888","09/27/1971",,
166,"NW-A-021","6",,,,,,,,
167,"NW-A-021","7",,,,,,,,
168,"NW-A-021","8","McLaurin","Aleine",,"McLeod","01/31/1892","07/30/1971",,
169,"NW-A-022","1",,,,,,,,
170,"NW-A-022","2",,,,,,,,
171,"NW-A-022","3",,,,,,,,
172,"NW-A-022","4",,,,,,,,
173,"NW-A-022","5",,,,,,,,
174,"NW-A-022","6","Gaskill","Ivey","Millard",,"11/22/1940","03/21/2013","Sr.",
175,"NW-A-022","7","Gaskill","Priscilla","Annette","Russ","05/27/1939","10/13/2025",,
176,"NW-A-022","8",,,,,,,,
177,"NW-A-023","1",,,,,,,,
178,"NW-A-023","2",,,,,,,,
179,"NW-A-023","3",,,,,,,,
180,"NW-A-023","4",,,,,,,,
181,"NW-A-023","5",,,,,,,,
182,"NW-A-023","6",,,,,,,,
183,"NW-A-023","7",,,,,,,,
184,"NW-A-023","8",,,,,,,,
185,"NW-A-024","1",,,,,,,,
186,"NW-A-024","2",,,,,,,,
187,"NW-A-024","3",,,,,,,,
188,"NW-A-024","4",,,,,,,,
189,"NW-A-024","5","Wilkins","Mary","Ann","Russ","01/17/1935","04/16/2004",,
190,"NW-A-024","6","Wilkins","Horace","Seba",,"11/17/1922","02/01/1997",,
191,"NW-A-024","7",,,,,,,,
192,"NW-A-024","8",,,,,,,,
193,"NW-A-025","1","Wharton","William","A.",,"08/03/1923","06/10/1985",,
194,"NW-A-025","2",,,,,,,,
195,"NW-A-025","3",,,,,,,,
196,"NW-A-025","4","Wharton","Mary",,"Russ","00/00/1925","00/00/1980",,
197,"NW-A-025","5",,,,,,,,
198,"NW-A-025","6","Russ","Esther","P.",,"00/00/1897","00/00/1974",,
199,"NW-A-025","7","Russ","Samuel","V",,"00/00/1898","00/00/1970",,
200,"NW-A-025","8",,,,,,,,
201,"NW-A-026","1",,,,,,,,
202,"NW-A-026","2",,,,,,,,
203,"NW-A-026","3",,,,,,,,
204,"NW-A-026","4",,,,,,,,
205,"NW-A-026","5",,,,,,,,
206,"NW-A-026","6","Russ / Doby","Agnes","Pearl","Southerland","03/19/1920","01/06/2010",,
207,"NW-A-026","7","Russ","James","Bernice",,"02/09/1912","08/15/1970",,
208,"NW-A-026","8",,,,,,,,
209,"NW-A-027","1",,,,,,,,
210,"NW-A-027","2",,,,,,,,
211,"NW-A-027","3",,,,,,,,
212,"NW-A-027","4",,,,,,,,
213,"NW-A-027","5","Fuller","Baby",,,"11/27/1969","11/28/1969",,
214,"NW-A-027","6","Lewis","Lloyd","Leonard",,"03/01/1909","02/03/1978",,
215,"NW-A-027","7","Lewis","Stella",,"Begley","00/00/1921","00/00/1996",,
216,"NW-A-027","8",,,,,,,,
217,"NW-A-028","1",,,,,,,,
218,"NW-A-028","2",,,,,,,,
219,"NW-A-028","3",,,,,,,,
220,"NW-A-028","4",,,,,,,,
221,"NW-A-028","5",,,,,,,,
222,"NW-A-028","6","Holden","Charles","Dean",,"05/06/1963","10/16/2020",,
223,"NW-A-028","7","Holden","Norman","Ray",,"06/11/1936","06/27/2018",,
224,"NW-A-028","8","Holden","Janice",,"Swan","09/25/1933","12/62/2012",,
225,"NW-A-029","1",,,,,,,,
226,"NW-A-029","2",,,,,,,,
227,"NW-A-029","3",,,,,,,,
228,"NW-A-029","4",,,,,,,,
229,"NW-A-029","5","Caroon","Cashwell","Beverly",,"08/06/1931","07/28/2009",,
230,"NW-A-029","6","Caroon","Irma",,"Ross","11/19/1932",,,
231,"NW-A-029","7","Caroon","Howard","Ross",,"03/30/1964","02/08/1993",,
232,"NW-A-029","8",,,,,,,,
233,"NW-A-030","1",,,,,,,,
234,"NW-A-030","2",,,,,,,,
235,"NW-A-030","3",,,,,,,,
236,"NW-A-030","4",,,,,,,,
237,"NW-A-030","5","Derr","Patricia","Lee",,"10/18/1963","10/20/2006",,
238,"NW-A-030","6",,,,,,,,
239,"NW-A-030","7",,,,,,,,
240,"NW-A-030","8",,,,,,,,
241,"NW-A-031","1",,,,,,,,
242,"NW-A-031","2",,,,,,,,
243,"NW-A-031","3",,,,,,,,
244,"NW-A-031","4",,,,,,,,
245,"NW-A-031","5","Goulet","Alexander","Vincent",,"08/11/1930","07/01/1999",,
246,"NW-A-031","6","Goulet","Bonnie",,"Greer","00/00/1913","00/00/1989",,
247,"NW-A-031","7","Harrelson","Nola",,"Greer","00/00/1893","00/00/1971",,
248,"NW-A-031","8",,,,,,,,
249,"NW-A-032","1",,,,,,,,
250,"NW-A-032","2",,,,,,,,
251,"NW-A-032","3",,,,,,,,
252,"NW-A-032","4",,,,,,,,
253,"NW-A-032","5",,,,,,,,
254,"NW-A-032","6","Cox","Linda",,"Jenkins","11/07/1945","10/14/1999",,
255,"NW-A-032","7",,,,,,,,
256,"NW-A-032","8",,,,,,,,
257,"NW-A-033","1",,,,,,,,
258,"NW-A-033","2",,,,,,,,
259,"NW-A-033","3",,,,,,,,
260,"NW-A-033","4",,,,,,,,
261,"NW-A-033","5",,,,,,,,
262,"NW-A-033","6",,,,,,,,
263,"NW-A-033","7",,,,,,,,
264,"NW-A-033","8",,,,,,,,
265,"NW-A-034","1",,,,,,,,
266,"NW-A-034","2",,,,,,,,
267,"NW-A-034","3",,,,,,,,
268,"NW-A-034","4",,,,,,,,
269,"NW-A-034","5",,,,,,,,
270,"NW-A-034","6",,,,,,,,
271,"NW-A-034","7",,,,,,,,
272,"NW-A-034","8",,,,,,,,
273,"NW-A-035","1",,,,,,,,
274,"NW-A-035","2",,,,,,,,
275,"NW-A-035","3",,,,,,,,
276,"NW-A-035","4",,,,,,,,
277,"NW-A-035","5",,,,,,,,
278,"NW-A-035","6","Price","Evie",,"McDowell","02/28/1907","02/04/1974",,
279,"NW-A-035","7","Price","Francis","D.",,"08/22/1894","10/10/1971",,
280,"NW-A-035","8",,,,,,,,
281,"NW-A-036","1",,,,,,,,
282,"NW-A-036","2",,,,,,,,
283,"NW-A-036","3",,,,,,,,
284,"NW-A-036","4",,,,,,,,
285,"NW-A-036","5",,,,,,,,
286,"NW-A-036","6","Price","Emmer","Lee",,"07/27/1930","01/28/1993",,
287,"NW-A-036","7","Price","Dillard","Hugh",,"12/06/1928","09/05/2015",,
288,"NW-A-036","8",,,,,,,,
289,"NW-A-037",,"Not For Sale","Part of Street",,,,,,
290,"NW-A-038",,"Not For Sale","Part of Street",,,,,,
291,"NW-A-039","1",,,,,,,,
292,"NW-A-039","2",,,,,,,,
293,"NW-A-039","3",,,,,,,,
294,"NW-A-039","4",,,,,,,,
295,"NW-A-039","5",,,,,,,,
296,"NW-A-039","6","Miller","Cheryl","Victoria","Price","06/21/1945",,,
297,"NW-A-039","7","Miller","William","David",,"06/06/1942","10/03/2020",,
298,"NW-A-039","8",,,,,,,,
299,"NW-A-040","1",,,,,,,,
300,"NW-A-040","2",,,,,,,,
301,"NW-A-040","3",,,,,,,,
302,"NW-A-040","4",,,,,,,,
303,"NW-A-040","5",,,,,,,,
304,"NW-A-040","6","Price","Arline",,"Rich","04/28/1908","03/09/1991",,
305,"NW-A-040","7","Price","William","Carlton",,"04/27/1902","03/09/1991",,
306,"NW-A-040","8",,,,,,,,
307,"NW-A-041","1",,,,,,,,
308,"NW-A-041","2",,,,,,,,
309,"NW-A-041","3",,,,,,,,
310,"NW-A-041","4",,,,,,,,
311,"NW-A-041","5","Splawn","James","Carlton",,"06/23/1959","08/23/1978",,
312,"NW-A-041","6","Splawn","James","Franklin",,"05/14/1933","09/24/2012",,
313,"NW-A-041","7","Splawn","Emma","Joyce","Price","07/17/1936","07/31/2014",,
314,"NW-A-041","8",,,,,,,,
315,"NW-A-042","1",,,,,,,,
316,"NW-A-042","2",,,,,,,,
317,"NW-A-042","3",,,,,,,,
318,"NW-A-042","4",,,,,,,,
319,"NW-A-042","5",,,,,,,,
320,"NW-A-042","6",,,,,,,,
321,"NW-A-042","7",,,,,,,,
322,"NW-A-042","8",,,,,,,,
323,"NW-A-043","1",,,,,,,,
324,"NW-A-043","2","May","Frank","Owen",,"05/30/1896","02/27/1972",,
325,"NW-A-043","3",,,,,,,,
326,"NW-A-043","4",,,,,,,,
327,"NW-A-043","5",,,,,,,,
328,"NW-A-043","6",,,,,,,,
329,"NW-A-043","7",,,,,,,,
330,"NW-A-043","8",,,,,,,,
331,"NW-A-044","1",,,,,,,,
332,"NW-A-044","2",,,,,,,,
333,"NW-A-044","3",,,,,,,,
334,"NW-A-044","4",,,,,,,,
335,"NW-A-044","5","Dosher","Gertrude",,,"01/29/1909","09/07/1974",,
336,"NW-A-044","6","Dosher","Charlie","E.",,"11/05/1885","01/11/1971",,
337,"NW-A-044","7","Dosher","Joan",,"Piner","11/07/1944","07/13/1991",,
338,"NW-A-044","8","Dosher","John","William",,"10/05/1932",,,
339,"NW-A-045","1",,,,,,,,
340,"NW-A-045","2",,,,,,,,
341,"NW-A-045","3",,,,,,,,
342,"NW-A-045","4",,,,,,,,
343,"NW-A-045","5",,,,,,,,
344,"NW-A-045","6","Pigott","Horace","Hamlin",,"07/01/1912","04/08/1978",,
345,"NW-A-045","7","Pigott","Marion","Fredere",,"06/26/1927","11/02/1969",,
346,"NW-A-045","8","Royall","Christopher","Michael",,"05/01/2000","07/28/2002",,
347,"NW-A-046","1",,,,,,,,
348,"NW-A-046","2",,,,,,,,
349,"NW-A-046","3",,,,,,,,
350,"NW-A-046","4",,,,,,,,
351,"NW-A-046","5","Perkins","Harold","Leon",,"11/18/1939","08/05/1969",,
352,"NW-A-046","6",,,,,,,,
353,"NW-A-046","7","Perkins","Harold","Leon",,"10/23/1961","09/01/1973",,
354,"NW-A-046","8","Perkins","Barbara",,,,,,
355,"NW-A-047","1","Lewis","Alda",,"Spencer","11/04/1916","01/26/2006",,
356,"NW-A-047","2","Lewis","John","Preston",,"09/18/1912","11/25/1993",,
357,"NW-A-047","3","Lewis","Dorcas","H.",,"10/10/1913","02/17/1985",,
358,"NW-A-047","4","Lewis","Richard","R.",,"09/20/1902","02/27/1978",,
359,"NW-A-047","5","Lewis","Bonnie","Ball",,"09/20/1892","07/24/1969",,
360,"NW-A-047","6",,,,,,,,
361,"NW-A-047","7",,,,,,,,
362,"NW-A-047","8",,,,,,,,
363,"NW-A-048","1",,,,,,,,
364,"NW-A-048","2",,,,,,,,
365,"NW-A-048","3",,,,,,,,
366,"NW-A-048","4",,,,,,,,
367,"NW-A-048","5",,,,,,,,
368,"NW-A-048","6","Hewett","Joyce",,"Jorgensen","03/28/1944","10/06/2020",,
369,"NW-A-048","7","Hewett","Dempsey","White",,"02/18/1942","07/11/2010",,
370,"NW-A-048","8",,,,,,,,
371,"NW-A-049","1",,,,,,,,
372,"NW-A-049","2",,,,,,,,
373,"NW-A-049","3",,,,,,,,
374,"NW-A-049","4",,,,,,,,
375,"NW-A-049","5",,,,,,,,
376,"NW-A-049","6","Jorgensen","William","Porter",,"09/22/1912","12/26/1968",,
377,"NW-A-049","7","Jorgensen","Elsie",,"Willing","12/05/1914","11/12/2012",,
378,"NW-A-049","8",,,,,,,,
379,"NW-A-050","1",,,,,,,,
380,"NW-A-050","2",,,,,,,,
381,"NW-A-050","3",,,,,,,,
382,"NW-A-050","4",,,,,,,,
383,"NW-A-050","5",,,,,,,,
384,"NW-A-050","6","Toler","Susie",,"Creech","10/15/1913","01/05/1984",,
385,"NW-A-050","7","Toler","Tillman","Lawrence",,"09/03/1899","12/30/1992",,
386,"NW-A-050","8",,,,,,,,
387,"NW-A-051","1",,,,,,,,
388,"NW-A-051","2",,,,,,,,
389,"NW-A-051","3",,,,,,,,
390,"NW-A-051","4",,,,,,,,
391,"NW-A-051","5",,,,,,,,
392,"NW-A-051","6","Creech","John",,,"06/15/1903","03/27/1966",,
393,"NW-A-051","7","Creech","Mae","Eileen",,"12/07/1909","03/27/1966",,
394,"NW-A-051","8",,,,,,,,
395,"NW-A-052","1",,,,,,,,
396,"NW-A-052","2",,,,,,,,
397,"NW-A-052","3",,,,,,,,
398,"NW-A-052","4",,,,,,,,
399,"NW-A-052","5","Dosher","Annie","Mae",,"02/21/1905","03/07/1941",,
400,"NW-A-052","6","Dosher","Irene","W.",,"09/10/1869","09/07/1946",,
401,"NW-A-052","7","Dosher","John","A.",,"08/15/1865","06/24/1947",,
402,"NW-A-052","8","Dosher","Bessie","E.",,"03/04/1908","09/30/1967",,
403,"NW-A-053","1","Knepshield","Edna","M","Anderson","05/31/1907","05/17/2004",,
404,"NW-A-053","2",,,,,,,,
405,"NW-A-053","3",,,,,,,,
406,"NW-A-053","4",,,,,,,,
407,"NW-A-053","5","Anderson","Corbitt","Henry",,"08/19/1908","03/15/1987",,
408,"NW-A-053","6","Anderson","Jessie","Colon",,"11/10/1880","07/17/1943",,
409,"NW-A-053","7","Anderson","Laura","Belle",,"02/19/1881","06/17/1988",,
410,"NW-A-053","8","Dosher","Wilsie",,,"03/27/1900","03/13/1914",,
411,"NW-A-054","1",,,,,,,,
412,"NW-A-054","2",,,,,,,,
413,"NW-A-054","3",,,,,,,,
414,"NW-A-054","4",,,,,,,,
415,"NW-A-054","5",,,,,,,,
416,"NW-A-054","6","Dosher","Robert","Lee",,"07/22/1902","04/14/1971",,
417,"NW-A-054","7","Dosher","Nola",,"Anderson","06/02/1901","03/02/1992",,
418,"NW-A-054","8",,,,,,,,
419,"NW-A-055","1",,,,,,,,
420,"NW-A-055","2",,,,,,,,
421,"NW-A-055","3",,,,,,,,
422,"NW-A-055","4",,,,,,,,
423,"NW-A-055","5",,,,,,,,
424,"NW-A-055","6",,,,,,,,
425,"NW-A-055","7",,,,,,,,
426,"NW-A-055","8",,,,,,,,
427,"NW-A-056","1",,,,,,,,
428,"NW-A-056","2",,,,,,,,
429,"NW-A-056","3",,,,,,,,
430,"NW-A-056","4",,,,,,,,
431,"NW-A-056","5","Willis","Robert","Moore",,"11/16/1898","11/21/1964",,
432,"NW-A-056","6",,,,,,,,
433,"NW-A-056","7","Willis","Thelma",,"Stroup","10/12/1903","09/19/1963",,
434,"NW-A-056","8",,,,,,,,
435,"NW-A-057","1",,,,,,,,
436,"NW-A-057","2",,,,,,,,
437,"NW-A-057","3",,,,,,,,
438,"NW-A-057","4",,,,,,,,
439,"NW-A-057","5",,,,,,,,
440,"NW-A-057","6","Hewett","Clyde","L.",,"02/10/1916","05/29/1960",,
441,"NW-A-057","7","Hewett","Clara","C.",,"11/25/1916",,,
442,"NW-A-057","8","Watson","Shawn","Leah",,"12/15/1968","02/24/1986",,
443,"NW-A-058","1",,,,,,,,
444,"NW-A-058","2","Hewett","Ronie","S.",,"00/00/1891","00/00/1981",,
445,"NW-A-058","3","Hewett","John","W.",,"00/00/1882","00/00/1963",,
446,"NW-A-058","4",,,,,,,,
447,"NW-A-058","5",,,,,,,,
448,"NW-A-058","6",,,,,,,,
449,"NW-A-058","7","Hewett","Leighton","O.",,"08/16/1932","10/06/1932",,
450,"NW-A-058","8","Hewett","William","Thomas",,"09/14/1920","09/23/1920",,
451,"NW-A-059","1",,,,,,,,
452,"NW-A-059","2",,,,,,,,
453,"NW-A-059","3",,,,,,,,
454,"NW-A-059","4",,,,,,,,
455,"NW-A-059","5",,,,,,,,
456,"NW-A-059","6",,,,,,,,
457,"NW-A-059","7",,,,,,,,
458,"NW-A-059","8",,,,,,,,
459,"NW-A-060","1","Fulwood","Harold","Ritchie",,"10/09/1947","05/27/1980",,
460,"NW-A-060","2","Fulwood","William","T.",,"06/24/1922",,,
461,"NW-A-060","3","Fulwood","Thomas","C.",,"00/00/1841","07/03/1863",,
462,"NW-A-060","4","Fulwood","Dorothy",,"Reaves","09/02/1926",,,
463,"NW-A-060","5","Fulwood","Dorothy",,"Norris","10/28/1928","12/23/1982",,
464,"NW-A-060","6","Fulwood","Elizabeth",,"Dosher","10/11/1900","07/15/1978",,
465,"NW-A-060","7","Fulwood","William","T.",,"06/16/1888","04/16/1981",,
466,"NW-A-060","8",,,,,,,,
467,"NW-A-061","1",,,,,,,,
468,"NW-A-061","2",,,,,,,,
469,"NW-A-061","3",,,,,,,,
470,"NW-A-061","4",,,,,,,,
471,"NW-A-061","5",,,,,,,,
472,"NW-A-061","6",,,,,,,,
473,"NW-A-061","7",,,,,,,,
474,"NW-A-061","8",,,,,,,,
475,"NW-A-062","1",,,,,,,,
476,"NW-A-062","2",,,,,,,,
477,"NW-A-062","3",,,,,,,,
478,"NW-A-062","4",,,,,,,,
479,"NW-A-062","5",,,,,,,,
480,"NW-A-062","6","Allen","Donna","Dosher",,"10/23/1954","06/15/2022",,
481,"NW-A-062","7","Tenan","Ethel","S.",,"01/30/1929","12/27/1971",,
482,"NW-A-062","8","Tenan","Clyde","L.",,"10/20/1922","05/03/1974",,
483,"NW-A-063","1",,,,,,,,
484,"NW-A-063","2",,,,,,,,
485,"NW-A-063","3",,,,,,,,
486,"NW-A-063","4",,,,,,,,
487,"NW-A-063","5","Burke","Tom","T.",,"02/06/1932","05/29/1961",,
488,"NW-A-063","6",,,,,,,,
489,"NW-A-063","7",,,,,,,,
490,"NW-A-063","8",,,,,,,,
491,"NW-A-064","1",,,,,,,,
492,"NW-A-064","2",,,,,,,,
493,"NW-A-064","3","Schoenberg","Jane",,"McEwen","02/20/1925","12/26/2018",,
494,"NW-A-064","4",,,,,,,,
495,"NW-A-064","5","Kendall","Frances",,"Liles","01/10/1952","11/10/2005",,
496,"NW-A-064","6","McEwen","Henry","Dwight",,"05/29/1885","09/25/1968",,
497,"NW-A-064","7","Liles","Gladys",,"McEwen","00/00/1916",,,
498,"NW-A-064","8","Liles","Percy","Woodrow",,"00/00/1912","00/00/1992",,
499,"NW-A-065","1","Schmidt","Walter",,,"00/00/1892","00/00/1963",,
500,"NW-A-065","2","Schmidt","Mary","M.",,"00/00/1889","00/00/1976",,
501,"NW-A-065","3",,,,,,,,
502,"NW-A-065","4",,,,,,,,
503,"NW-A-065","5",,,,,,,,
504,"NW-A-065","6",,,,,,,,
505,"NW-A-065","7",,,,,,,,
506,"NW-A-065","8",,,,,,,,
507,"NW-A-066","1","Schmidt","Margaret",,,"00/00/1956","00/00/1970",,
508,"NW-A-066","2",,,,,,,,
509,"NW-A-066","3",,,,,,,,
510,"NW-A-066","4",,,,,,,,
511,"NW-A-066","5","Schmidt","Hortz ""Smitty""","Arno",,"11/05/1928","09/07/2008",,
512,"NW-A-066","6","Schmidt","Dorcas ""Dot""",,"Watts","01/19/1931","01/09/2004",,
513,"NW-A-066","7",,,,,,,,
514,"NW-A-066","8",,,,,,,,
515,"NW-A-067","1",,,,,,,,
516,"NW-A-067","2",,,,,,,,
517,"NW-A-067","3",,,,,,,,
518,"NW-A-067","4",,,,,,,,
519,"NW-A-067","5",,,,,,,,
520,"NW-A-067","6","Watts","Annie","Mae",,"07/15/1903","11/25/1992",,
521,"NW-A-067","7","Watts","Thomas","Hulan",,"00/00/1902","00/00/1963",,
522,"NW-A-067","8",,,,,,,,
523,"NW-A-068","1",,,,,,,,
524,"NW-A-068","2",,,,,,,,
525,"NW-A-068","3",,,,,,,,
526,"NW-A-068","4",,,,,,,,
527,"NW-A-068","5",,,,,,,,
528,"NW-A-068","6",,,,,,,,
529,"NW-A-068","7",,,,,,,,
530,"NW-A-068","8",,,,,,,,
531,"NW-A-069","1",,,,,,,,
532,"NW-A-069","2",,,,,,,,
533,"NW-A-069","3",,,,,,,,
534,"NW-A-069","4",,,,,,,,
535,"NW-A-069","5",,,,,,,,
536,"NW-A-069","6","Wells","Claudia","J.",,"04/05/1908","06/08/1991",,
537,"NW-A-069","7","Wells","William","S.",,"10/24/1903","10/18/1967",,
538,"NW-A-069","8",,,,,,,,
539,"NW-A-070","1",,,,,,,,
540,"NW-A-070","2",,,,,,,,
541,"NW-A-070","3",,,,,,,,
542,"NW-A-070","4",,,,,,,,
543,"NW-A-070","5",,,,,,,,
544,"NW-A-070","6","Davis","William","Dunbar",,"09/29/1882","04/05/1965",,
545,"NW-A-070","7","Young","Frances",,"Davis","12/10/1908","05/30/1961",,
546,"NW-A-070","8",,,,,,,,
547,"NW-A-071","1",,,,,,,,
548,"NW-A-071","2",,,,,,,,
549,"NW-A-071","3",,,,,,,,
550,"NW-A-071","4",,,,,,,,
551,"NW-A-071","5",,,,,,,,
552,"NW-A-071","6",,,,,,,,
553,"NW-A-071","7",,,,,,,,
554,"NW-A-071","8",,,,,,,,
555,"NW-A-072","1",,,,,,,,
556,"NW-A-072","2",,,,,,,,
557,"NW-A-072","3",,,,,,,,
558,"NW-A-072","4","Watkins","John","Fredrick",,"11/15/1956","03/11/2005","Jr.",
559,"NW-A-072","5","Watkins","John","Fredrick",,"04/21/1923","10/31/2014","Sr",
560,"NW-A-072","6","Neese","Ben","Shelton",,"11/30/1935","11/28/2015",,
561,"NW-A-072","7","Neese","Carolyn","Rose","Chapman","05/07/1939","06/05/2016",,
562,"NW-A-072","8",,,,,,,,
563,"NW-A-073","1","Marsette","Anna","Katherine",,"09/09/1950","10/23/2003",,
564,"NW-A-073","2",,,,,,,,
565,"NW-A-073","3",,,,,,,,
566,"NW-A-073","4","Neese","Lisa","Margo",,"09/26/1962","09/10/1978",,
567,"NW-A-073","5","Miller","Elizabeth",,,"00/00/1871","00/00/1947",,
568,"NW-A-073","6","Davis","Anna","M.",,"00/00/1894","00/00/1974",,
569,"NW-A-073","7","Davis","D.","M.",,"00/00/1889","00/00/1962",,
570,"NW-A-073","8","Watkins","Elizabeth",,"Davis","00/00/1920","00/00/1997",,
571,"NW-A-074","1",,,,,,,,
572,"NW-A-074","2",,,,,,,,
573,"NW-A-074","3",,,,,,,,
574,"NW-A-074","4","Munford","Lorne","P.",,"01/16/1915","12/05/1955",,
575,"NW-A-074","5","Bartels","Richard",,,"05/16/1879","01/23/1939",,
576,"NW-A-074","6","Bartels","Bertha",,,"01/13/1885","03/21/1991",,
577,"NW-A-074","7",,,,,,,,
578,"NW-A-074","8",,,,,,,,
579,"NW-B-001","1",,,,,,,,
580,"NW-B-001","2",,,,,,,,
581,"NW-B-001","3",,,,,,,,
582,"NW-B-001","4",,,,,,,,
583,"NW-B-001","5",,,,,,,,
584,"NW-B-001","6","Mann","Catherine",,"Parker","10/09/1906","03/26/1971",,
585,"NW-B-001","7","Mann","Warren","James",,"05/03/1904","06/19/1980",,
586,"NW-B-001","8",,,,,,,,
587,"NW-B-002","1","Jones","Vivian","Beryl","McKeithan","10/15/1937","07/31/2014",,
588,"NW-B-002","2",,,,,,,,
589,"NW-B-002","3",,,,,,,,
590,"NW-B-002","4",,,,,,,,
591,"NW-B-002","5","McRoy","Katie","Lee","Crocker","10/07/1932","11/12/2010",,
592,"NW-B-002","6","McRoy","Woody","Hugh","""Buster""","06/20/1932","12/06/2008",,
593,"NW-B-002","7","McKeithan","Brenda",,"McRoy","05/05/1953","02/16/2006",,
594,"NW-B-002","8","McKeithan","Thomas","Elbert",,"12/18/1947","02/25/2004",,
595,"NW-B-003","1",,,,,,,,
596,"NW-B-003","2",,,,,,,,
597,"NW-B-003","3",,,,,,,,
598,"NW-B-003","4",,,,,,,,
599,"NW-B-003","5","Burgess","Lola","Mae",,"03/19/1940","06/11/2025",,
600,"NW-B-003","6","Gore","Elena","B.",,"06/14/1914","02/27/1982",,
601,"NW-B-003","7","Gore","Ernest","F.",,"10/17/1903","12/23/1991",,
602,"NW-B-003","8",,,,,,,,
603,"NW-B-004","1",,,,,,,,
604,"NW-B-004","2","Christian","Lucile",,"Young","05/06/1903","01/01/1966",,
605,"NW-B-004","3","Christian","John","Gordon",,"07/18/1901","12/25/1972",,
606,"NW-B-004","4",,,,,,,,
607,"NW-B-004","5",,,,,,,,
608,"NW-B-004","6",,,,,,,,
609,"NW-B-004","7",,,,,,,,
610,"NW-B-004","8",,,,,,,,
611,"NW-B-005","1",,,,,,,,
612,"NW-B-005","2",,,,,,,,
613,"NW-B-005","3",,,,,,,,
614,"NW-B-005","4",,,,,,,,
615,"NW-B-005","5",,,,,,,,
616,"NW-B-005","6",,,,,,,,
617,"NW-B-005","7",,,,,,,,
618,"NW-B-005","8",,,,,,,,
619,"NW-B-006","1",,,,,,,,
620,"NW-B-006","2",,,,,,,,
621,"NW-B-006","3",,,,,,,,
622,"NW-B-006","4",,,,,,,,
623,"NW-B-006","5",,,,,,,,
624,"NW-B-006","6","Hufham","Walter ""Shorty""","Linwood",,"01/18/1932","01/16/1996",,
625,"NW-B-006","7","Young","Joseph Henry","Trudy","McNeil","02/22/1936","02/11/2019",,
626,"NW-B-006","8","Hufham","Amelia","Caroline",,"09/30/1969","10/01/1969",,
627,"NW-B-007","1",,,,,,,,
628,"NW-B-007","2","Rideout","Virginia",,"Richardson","09/20/1906","06/14/1988",,
629,"NW-B-007","3","Rideout","Joseph","Merrill",,"01/01/1895","03/16/1961",,
630,"NW-B-007","4",,,,,,,,
631,"NW-B-007","5",,,,,,,,
632,"NW-B-007","6",,,,,,,,
633,"NW-B-007","7",,,,,,,,
634,"NW-B-007","8",,,,,,,,
635,"NW-B-008","1",,,,,,,,
636,"NW-B-008","2",,,,,,,,
637,"NW-B-008","3",,,,,,,,
638,"NW-B-008","4",,,,,,,,
639,"NW-B-008","5",,,,,,,,
640,"NW-B-008","6",,,,,,,,
641,"NW-B-008","7",,,,,,,,
642,"NW-B-008","8",,,,,,,,
643,"NW-B-009","1",,,,,,,,
644,"NW-B-009","2",,,,,,,,
645,"NW-B-009","3",,,,,,,,
646,"NW-B-009","4",,,,,,,,
647,"NW-B-009","5","Lewis","Daniel","Webster",,"09/29/1882","07/02/1962",,
648,"NW-B-009","6","Lewis","Annie","J.",,"01/26/1910","06/01/1994",,
649,"NW-B-009","7",,,,,,,,
650,"NW-B-009","8",,,,,,,,
651,"NW-B-010","1",,,,,,,,
652,"NW-B-010","2",,,,,,,,
653,"NW-B-010","3",,,,,,,,
654,"NW-B-010","4",,,,,,,,
655,"NW-B-010","5","Johnson","John","Henry",,"09/01/1932",,,
656,"NW-B-010","6","Johnson","Lizzie",,"Hewett","10/02/1891","02/23/1981",,
657,"NW-B-010","7","Johnson","Archie","R.",,"09/23/1914","02/09/1959",,
658,"NW-B-010","8",,,,,,,,
659,"NW-B-011","1",,,,,,,,
660,"NW-B-011","2",,,,,,,,
661,"NW-B-011","3",,,,,,,,
662,"NW-B-011","4",,,,,,,,
663,"NW-B-011","5","Johnson","Mary","Elizabeth",,"09/01/1929","03/18/2013",,
664,"NW-B-011","6","Johnson","Fannie Adeline",,,"07/04/1920","05/02/2010",,
665,"NW-B-011","7","Johnson","Robert","Lee",,"07/04/1920","07/14/1974",,
666,"NW-B-011","8","Johnson","J.","W.",,"10/15/1882","09/01/1938",,
667,"NW-B-012","1",,,,,,,,
668,"NW-B-012","2",,,,,,,,
669,"NW-B-012","3",,,,,,,,
670,"NW-B-012","4",,,,,,,,
671,"NW-B-012","5",,,,,,,,
672,"NW-B-012","6",,,,,,,,
673,"NW-B-012","7",,,,,,,,
674,"NW-B-012","8","Johnson","Elmer","C.",,"05/29/1959","05/29/1959",,
675,"NW-B-013","1",,,,,,,,
676,"NW-B-013","2","Hewett","Mason","Thomas",,"05/28/2008","05/29/2008",,
677,"NW-B-013","3",,,,,,,,
678,"NW-B-013","4",,,,,,,,
679,"NW-B-013","5",,,,,,,,
680,"NW-B-013","6","Tharp","Archie","Thomas (Tommy)",,"04/19/1959","04/21/2007",,
681,"NW-B-013","7","Tharp","Emma","J.",,"09/05/1923","01/29/1997",,
682,"NW-B-013","8","Tharp","Robert","T.",,"06/23/1914","08/06/1986",,
683,"NW-B-014","1",,,,,,,,
684,"NW-B-014","2",,,,,,,,
685,"NW-B-014","3",,,,,,,,
686,"NW-B-014","4",,,,,,,,
687,"NW-B-014","5",,,,,,,,
688,"NW-B-014","6","McRacken","Margaret","C.",,"00/00/1908","00/00/1990",,
689,"NW-B-014","7","McRacken","Morris","T.",,"00/00/1897","00/00/1965",,
690,"NW-B-014","8",,,,,,,,
691,"NW-B-015","1",,,,,,,,
692,"NW-B-015","2","Oliver","John","Spencer",,"12/11/1906","10/20/1985",,
693,"NW-B-015","3",,,,,,,,
694,"NW-B-015","4",,,,,,,,
695,"NW-B-015","5",,,,,,,,
696,"NW-B-015","6","Aldridge","Minnie",,"Lee","03/31/1888","10/10/1968",,
697,"NW-B-015","7","Aldridge","John","Smith",,"05/20/1880","06/01/1965",,
698,"NW-B-015","8",,,,,,,,
699,"NW-B-016","1",,,,,,,,
700,"NW-B-016","2",,,,,,,,
701,"NW-B-016","3",,,,,,,,
702,"NW-B-016","4",,,,,,,,
703,"NW-B-016","5",,,,,,,,
704,"NW-B-016","6","Aldridge","Charlie","P.",,"05/11/1913","10/17/1993",,
705,"NW-B-016","7","Aldridge","Ella",,"Chadwick","03/29/1909","11/18/2007",,
706,"NW-B-016","8","Aldridge,","Charles","Phillip (Phil)",,"02/02/1943","07/23/2003","Jr.",
707,"NW-B-017","1",,,,,,,,
708,"NW-B-017","2","Spencer","Ruth",,"Outlaw","08/29/1893","07/26/1969",,
709,"NW-B-017","3","Spencer","Eugene","Walter",,"05/04/1923","12/16/1984",,
710,"NW-B-017","4","Spencer","Clarence","M.",,"07/04/1893","05/27/1980",,
711,"NW-B-017","5","Bethel","Lois","Fay","Spencer","02/01/1949","06/13/2002",,
712,"NW-B-017","6","Spencer","Lendon","Clarence",,"04/22/1918","11/29/2006",,
713,"NW-B-017","7",,,,,,,,
714,"NW-B-017","8",,,,,,,,
715,"NW-B-018","1",,,,,,,,
716,"NW-B-018","2",,,,,,,,
717,"NW-B-018","3",,,,,,,,
718,"NW-B-018","4",,,,,,,,
719,"NW-B-018","5",,,,,,,,
720,"NW-B-018","6",,,,,,,,
721,"NW-B-018","7",,,,,,,,
722,"NW-B-018","8",,,,,,,,
723,"NW-B-019","1","Guest","Annie","Laurie",,"09/07/1906","02/16/1977",,
724,"NW-B-019","2",,,,,,,,
725,"NW-B-019","3",,,,,,,,
726,"NW-B-019","4","Guest","Wesley"," Tate",,"03/18/1900","02/13/1968","Brig. Gen.",
727,"NW-B-019","5",,,,,,,,
728,"NW-B-019","6",,,,,,,,
729,"NW-B-019","7",,,,,,,,
730,"NW-B-019","8",,,,,,,,
731,"NW-B-020","1",,,,,,,,
732,"NW-B-020","2",,,,,,,,
733,"NW-B-020","3",,,,,,,,
734,"NW-B-020","4",,,,,,,,
735,"NW-B-020","5",,,,,,,,
736,"NW-B-020","6","Robinson","Roy",,,"05/12/1894","08/23/1964",,
737,"NW-B-020","7","Guthrie","Eugene","D.",,"01/06/1902","08/10/1964",,
738,"NW-B-020","8",,,,,,,,
739,"NW-B-021","1",,,,,,,,
740,"NW-B-021","2",,,,,,,,
741,"NW-B-021","3",,,,,,,,
742,"NW-B-021","4",,,,,,,,
743,"NW-B-021","5",,,,,,,,
744,"NW-B-021","6","Kemper","Irene",,"Weeks","07/10/1904","06/27/1980",,
745,"NW-B-021","7","Kemper","Walmer","G.",,"07/12/1903","05/17/1967",,
746,"NW-B-021","8","Riley","Lillian",,"Kemper","08/08/1901","12/27/1972",,
747,"NW-B-022","1",,,,,,,,
748,"NW-B-022","2",,,,,,,,
749,"NW-B-022","3",,,,,,,,
750,"NW-B-022","4",,,,,,,,
751,"NW-B-022","5","Pigott","Dallas","Cranmer",,"03/28/1915","01/06/1982",,
752,"NW-B-022","6","Clemmons","Linda",,"Pigott","12/12/1947","08/08/2001",,
753,"NW-B-022","7","Hubbard","Lottie",,"McRoy","09/28/1890","02/08/1979",,
754,"NW-B-022","8","Hubbard","George","Egan",,"10/18/1890","02/14/1990",,
755,"NW-B-023","1",,,,,,,,
756,"NW-B-023","2",,,,,,,,
757,"NW-B-023","3",,,,,,,,
758,"NW-B-023","4",,,,,,,,
759,"NW-B-023","5",,,,,,,,
760,"NW-B-023","6","Hubbard,","George","Egan",,"05/14/1918","01/16/2011","Jr.",
761,"NW-B-023","7",,,,,,,,
762,"NW-B-023","8","Pigott","Leila",,"Hubbard","11/28/1916","09/10/2011",,
763,"NW-B-024","1",,,,,,,,
764,"NW-B-024","2",,,,,,,,
765,"NW-B-024","3",,,,,,,,
766,"NW-B-024","4",,,,,,,,
767,"NW-B-024","5",,,,,,,,
768,"NW-B-024","6","St.George","Harold","Taylor",,"00/00/1898","00/00/1976",,
769,"NW-B-024","7","St.George","Alice",,"Winston","00/00/1902","00/00/1997",,
770,"NW-B-024","8",,,,,,,,
771,"NW-B-025","1",,,,,,,,
772,"NW-B-025","2",,,,,,,,
773,"NW-B-025","3",,,,,,,,
774,"NW-B-025","4",,,,,,,,
775,"NW-B-025","5",,,,,,,,
776,"NW-B-025","6",,,,,,,,
777,"NW-B-025","7","Moore","Boyd","S.",,"10/06/1911","06/12/1986",,
778,"NW-B-025","8","Moore","Duta","C.",,"04/21/1906","04/06/1967",,
779,"NW-B-026","1",,,,,,,,
780,"NW-B-026","2",,,,,,,,
781,"NW-B-026","3",,,,,,,,
782,"NW-B-026","4",,,,,,,,
783,"NW-B-026","5","Rees","Samuel",,,"03/13/1933","08/16/2004",,
784,"NW-B-026","6",,,,,,,,
785,"NW-B-026","7",,,,,,,,
786,"NW-B-026","8",,,,,,,,
787,"NW-B-027","1",,,,,,,,
788,"NW-B-027","2",,,,,,,,
789,"NW-B-027","3",,,,,,,,
790,"NW-B-027","4",,,,,,,,
791,"NW-B-027","5","Rees","Recie","S.",,"09/11/1910","07/01/1984",,
792,"NW-B-027","6","Rees","Sam",,,"11/26/1905","06/03/1967",,
793,"NW-B-027","7","Carroll","Dianne",,"Rees","03/30/1953","07/20/1998",,
794,"NW-B-027","8","Rees","Robert","Allen",,"08/15/1959","12/14/2000",,
795,"NW-B-028","1",,,,,,,,
796,"NW-B-028","2",,,,,,,,
797,"NW-B-028","3",,,,,,,,
798,"NW-B-028","4",,,,,,,,
799,"NW-B-028","5",,,,,,,,
800,"NW-B-028","6","Smith","Margaret",,"Howie","10/30/1909","04/17/1966",,
801,"NW-B-028","7","Smith","Herman","Henry",,"05/08/1911","02/09/1970",,
802,"NW-B-028","8",,,,,,,,
803,"NW-B-029","1",,,,,,,,
804,"NW-B-029","2",,,,,,,,
805,"NW-B-029","3",,,,,,,,
806,"NW-B-029","4",,,,,,,,
807,"NW-B-029","5",,,,,,,,
808,"NW-B-029","6","Swain","Cassie","B.",,"01/12/1906","02/15/1994",,
809,"NW-B-029","7","Swain","F.","Herbert",,"07/14/1901","06/07/1979",,
810,"NW-B-029","8",,,,,,,,
811,"NW-B-030","1",,,,,,,,
812,"NW-B-030","2","Jacobs","Raymond",,,"06/04/1897","10/20/1966",,
813,"NW-B-030","3","Jacobs","Vira",,"Swain","08/15/1897","09/30/1991",,
814,"NW-B-030","4",,,,,,,,
815,"NW-B-030","5",,,,,,,,
816,"NW-B-030","6",,,,,,,,
817,"NW-B-030","7",,,,,,,,
818,"NW-B-030","8",,,,,,,,
819,"NW-B-031","1",,,,,,,,
820,"NW-B-031","2",,,,,,,,
821,"NW-B-031","3",,,,,,,,
822,"NW-B-031","4",,,,,,,,
823,"NW-B-031","5","Daniels","Carrie",,"Cooper","07/21/1896","06/02/1983",,
824,"NW-B-031","6",,,,,,,,
825,"NW-B-031","7","Daniels","Edward","G.",,"10/14/1890","05/02/1964",,
826,"NW-B-031","8",,,,,,,,
827,"NW-B-032","1",,,,,,,,
828,"NW-B-032","2","Mason","Inez","T.",,"10/21/1914","01/06/1967",,
829,"NW-B-032","3","Mason","Paul","R.",,"04/05/1915","08/24/1971",,
830,"NW-B-032","4",,,,,,,,
831,"NW-B-032","5",,,,,,,,
832,"NW-B-032","6",,,,,,,,
833,"NW-B-032","7",,,,,,,,
834,"NW-B-032","8",,,,,,,,
835,"NW-B-033","1",,,,,,,,
836,"NW-B-033","2",,,,,,,,
837,"NW-B-033","3",,,,,,,,
838,"NW-B-033","4",,,,,,,,
839,"NW-B-033","5",,,,,,,,
840,"NW-B-033","6",,,,,,,,
841,"NW-B-033","7",,,,,,,,
842,"NW-B-033","8",,,,,,,,
843,"NW-B-034","1","Bryan","Lawson","L.",,"00/00/1910","00/00/1984",,
844,"NW-B-034","2","Bryan","Grace","M.",,"00/00/1913","00/00/1994",,
845,"NW-B-034","3","Bryan","Emma","Jane",,"12/19/1944","12/23/1944",,
846,"NW-B-034","4",,,,,,,,
847,"NW-B-034","5",,,,,,,,
848,"NW-B-034","6","Sidebotham","Virginia","W.",,"06/16/1916",,,
849,"NW-B-034","7","Sidebotham","Robert","E.",,"04/13/1913","02/18/1967",,
850,"NW-B-034","8",,,,,,,,
851,"NW-B-035","1",,,,,,,,
852,"NW-B-035","2",,,,,,,,
853,"NW-B-035","3",,,,,,,,
854,"NW-B-035","4",,,,,,,,
855,"NW-B-035","5",,,,,,,,
856,"NW-B-035","6",,,,,,,,
857,"NW-B-035","7",,,,,,,,
858,"NW-B-035","8",,,,,,,,
859,"NW-B-036","1",,,,,,,,
860,"NW-B-036","2",,,,,,,,
861,"NW-B-036","3",,,,,,,,
862,"NW-B-036","4",,,,,,,,
863,"NW-B-036","5",,,,,,,,
864,"NW-B-036","6","Southerland","Julian","L.",,"12/31/1926","10/12/1967",,
865,"NW-B-036","7","Southerland","Lucy","Mae","Sellers","02/28/1912","01/09/2006",,
866,"NW-B-036","8",,,,,,,,
867,"NW-B-037","1","Not For Sale","Part of Street","Location ofShrubbery",,,,,
868,"NW-B-037","2","Not For Sale","Part of Street","Location ofShrubbery",,,,,
869,"NW-B-037","3","Not For Sale","Part of Street","Location ofShrubbery",,,,,
870,"NW-B-037","4","Not For Sale","Part of Street","Location ofShrubbery",,,,,
871,"NW-B-037","5","Not For Sale","Part of Street","Location ofShrubbery",,,,,
872,"NW-B-037","6","Not For Sale","Part of Street","Location ofShrubbery",,,,,
873,"NW-B-037","7","Not For Sale","Part of Street","Location ofShrubbery",,,,,
874,"NW-B-037","8","Not For Sale","Part of Street","Location ofShrubbery",,,,,
875,"NW-B-038","1","Not For Sale","Part of Street","Location ofShrubbery",,,,,
876,"NW-B-038","2","Not For Sale","Part of Street","Location ofShrubbery",,,,,
877,"NW-B-038","3","Not For Sale","Part of Street","Location ofShrubbery",,,,,
878,"NW-B-038","4","Not For Sale","Part of Street","Location ofShrubbery",,,,,
879,"NW-B-038","5","Not For Sale","Part of Street","Location ofShrubbery",,,,,
880,"NW-B-038","6","Not For Sale","Part of Street","Location ofShrubbery",,,,,
881,"NW-B-038","7","Not For Sale","Part of Street","Location ofShrubbery",,,,,
882,"NW-B-038","8","Not For Sale","Part of Street","Location ofShrubbery",,,,,
883,"NW-B-039","1",,,,,,,,
884,"NW-B-039","2",,,,,,,,
885,"NW-B-039","3",,,,,,,,
886,"NW-B-039","4",,,,,,,,
887,"NW-B-039","5","Sellers","Robert","C.",,"01/29/1916","08/11/1992",,
888,"NW-B-039","6","Sellers","Juanita",,"Nelms","09/03/1924","11/01/1986",,
889,"NW-B-039","7","Potter","John","Reginald",,"08/07/1912","10/30/1982",,
890,"NW-B-039","8","Potter","Elneta",,"Sellers","03/06/1920","06/03/2000",,
891,"NW-B-040","1",,,,,,,,
892,"NW-B-040","2","Roughton","Laura","Augusta",,"08/31/1902","12/03/1992",,
893,"NW-B-040","3",,,,,,,,
894,"NW-B-040","4",,,,,,,,
895,"NW-B-040","5",,,,,,,,
896,"NW-B-040","6",,,,,,,,
897,"NW-B-040","7","Whatley","George",,,"08/22/1900","03/25/1967",,
898,"NW-B-040","8","Whatley","Ressie",,"Robinson","03/15/1911","11/27/2001",,
899,"NW-B-041","1",,,,,,,,
900,"NW-B-041","2","Gilbert","Dorothy","R.",,"09/25/1912","04/05/1994",,
901,"NW-B-041","3","Gilbert","James","Alton",,"11/27/1907","03/29/1966",,
902,"NW-B-041","4",,,,,,,,
903,"NW-B-041","5",,,,,,,,
904,"NW-B-041","6",,,,,,,,
905,"NW-B-041","7",,,,,,,,
906,"NW-B-041","8",,,,,,,,
907,"NW-B-042","1",,,,,,,,
908,"NW-B-042","2",,,,,,,,
909,"NW-B-042","3",,,,,,,,
910,"NW-B-042","4",,,,,,,,
911,"NW-B-042","5",,,,,,,,
912,"NW-B-042","6",,,,,,,,
913,"NW-B-042","7",,,,,,,,
914,"NW-B-042","8",,,,,,,,
915,"NW-B-043","1",,,,,,,,
916,"NW-B-043","2","Furpless","Cora","Lee","Walker","12/30/1910","12/06/2005",,
917,"NW-B-043","3","Furpless","Bertram","Lanier",,"04/13/1912","02/21/1962",,
918,"NW-B-043","4",,,,,,,,
919,"NW-B-043","5",,,,,,,,
920,"NW-B-043","6",,,,,,,,
921,"NW-B-043","7",,,,,,,,
922,"NW-B-043","8",,,,,,,,
923,"NW-B-044","1",,,,,,,,
924,"NW-B-044","2",,,,,,,,
925,"NW-B-044","3",,,,,,,,
926,"NW-B-044","4","Southerland","Julian","Dale",,"08/28/1950","04/09/2017",,
927,"NW-B-044","5",,,,,,,,
928,"NW-B-044","6","Smith","Lawton","Dewey",,"03/17/1899","12/11/1961",,
929,"NW-B-044","7","Smith","Margaret",,"Southerland","08/02/1900","10/17/1984",,
930,"NW-B-044","8",,,,,,,,
931,"NW-B-045","1",,,,,,,,
932,"NW-B-045","2","Lingle","Minnette","T.",,"08/03/1901","06/08/1986",,
933,"NW-B-045","3","Lingle","William","R.",,"03/18/1906","12/03/1962",,
934,"NW-B-045","4",,,,,,,,
935,"NW-B-045","5",,,,,,,,
936,"NW-B-045","6",,,,,,,,
937,"NW-B-045","7",,,,,,,,
938,"NW-B-045","8",,,,,,,,
939,"NW-B-046","1",,,,,,,,
940,"NW-B-046","2",,,,,,,,
941,"NW-B-046","3","Spencer","Fredrick","Waddell",,"12/18/1943","07/10/2004",,
942,"NW-B-046","4",,,,,,,,
943,"NW-B-046","5",,,,,,,,
944,"NW-B-046","6","Potter/Smith","Eleanor",,"Pancoast","05/24/1922","09/04/2004",,
945,"NW-B-046","7","Potter","Bryant",,,"12/05/1918","06/03/1967",,
946,"NW-B-046","8",,,,,,,,
947,"NW-B-047","1",,,,,,,,
948,"NW-B-047","2",,,,,,,,
949,"NW-B-047","3",,,,,,,,
950,"NW-B-047","4","Smithers","Samuel",,,"05/12/2011","01/21/2012",,
951,"NW-B-047","5","Pierce","Jeanne","Virginia","Pancoast","08/09/1925","10/14/2000",,
952,"NW-B-047","6","Pierce","James","Thompson",,"11/16/1922","09/28/1990",,
953,"NW-B-047","7","Pancoast","Anna","C.",,"12/12/1900","09/05/1963",,
954,"NW-B-047","8","Pancoast","Edward","Z.",,"10/12/1894","12/12/1971",,
955,"NW-B-048","1",,,,,,,,
956,"NW-B-048","2",,,,,,,,
957,"NW-B-048","3",,,,,,,,
958,"NW-B-048","4",,,,,,,,
959,"NW-B-048","5",,,,,,,,
960,"NW-B-048","6",,,,,,,,
961,"NW-B-048","7",,,,,,,,
962,"NW-B-048","8",,,,,,,,
963,"NW-B-049","1",,,,,,,,
964,"NW-B-049","2",,,,,,,,
965,"NW-B-049","3",,,,,,,,
966,"NW-B-049","4",,,,,,,,
967,"NW-B-049","5",,,,,,,,
968,"NW-B-049","6","Joye","Daniel","James",,"01/18/1914","10/04/1971",,
969,"NW-B-049","7","Joye","Bessie",,"Plummer","03/13/1920","06/26/2008",,
970,"NW-B-049","8",,,,,,,,
971,"NW-B-050","1",,,,,,,,
972,"NW-B-050","2","Joye","Celia",,,"01/25/1919","07/12/2001",,
973,"NW-B-050","3","Joye","Fred","Wyman",,"12/24/1910","01/07/1986",,
974,"NW-B-050","4",,,,,,,,
975,"NW-B-050","5",,,,,,,,
976,"NW-B-050","6","Hazelton","Lottie","Miller","Joye","01/12/1893","09/14/1962",,
977,"NW-B-050","7","Joy","Mack","Bernice",,"10/01/1919","11/15/1971",,
978,"NW-B-050","8",,,,,,,,
979,"NW-B-051","1",,,,,,,,
980,"NW-B-051","2",,,,,,,,
981,"NW-B-051","3",,,,,,,,
982,"NW-B-051","4",,,,,,,,
983,"NW-B-051","5","Smith","Eugene","T.",,"01/17/1900","12/10/1961",,
984,"NW-B-051","6","Smith","Minnie","M.",,"04/02/1898","11/16/1969",,
985,"NW-B-051","7",,,,,,,,
986,"NW-B-051","8",,,,,,,,
987,"NW-B-052","1",,,,,,,,
988,"NW-B-052","2",,,,,,,,
989,"NW-B-052","3",,,,,,,,
990,"NW-B-052","4",,,,,,,,
991,"NW-B-052","5","Tart","Preston","T.",,"12/24/1894","02/02/1962",,
992,"NW-B-052","6","Tart","Ira","J.",,"11/24/1904","07/02/1980",,
993,"NW-B-052","7",,,,,,,,
994,"NW-B-052","8",,,,,,,,
995,"NW-B-053","1",,,,,,,,
996,"NW-B-053","2",,,,,,,,
997,"NW-B-053","3",,,,,,,,
998,"NW-B-053","4",,,,,,,,
999,"NW-B-053","5",,,,,,,,
1000,"NW-B-053","6",,,,,,,,
1001,"NW-B-053","7","Bigford","Lucy","S",,"12/23/1920",,,
1002,"NW-B-053","8","Bigford","James","D.",,"10/20/1913","04/20/1984",,
1003,"NW-B-054","1",,,,,,,,
1004,"NW-B-054","2",,,,,,,,
1005,"NW-B-054","3",,,,,,,,
1006,"NW-B-054","4",,,,,,,,
1007,"NW-B-054","5",,,,,,,,
1008,"NW-B-054","6",,,,,,,,
1009,"NW-B-054","7",,,,,,,,
1010,"NW-B-054","8",,,,,,,,
1011,"NW-B-055","1",,,,,,,,
1012,"NW-B-055","2",,,,,,,,
1013,"NW-B-055","3",,,,,,,,
1014,"NW-B-055","4",,,,,,,,
1015,"NW-B-055","5","O'Brien","Prince",,,"01/30/1984","05/16/1988",,
1016,"NW-B-055","6","O'Brien","Ida","May",,"04/25/1896","01/29/1961",,
1017,"NW-B-055","7","Ellis","George","Albert",,"12/13/1913","09/19/2005",,
1018,"NW-B-055","8","Ellis","Elizabeth",,"O'Brein","08/01/1926","05/25/2009",,
1019,"NW-B-056","1","O'Brien","Fabius","Prince",,"06/15/1946","03/18/1992",,
1020,"NW-B-056","2",,,,,,,,
1021,"NW-B-056","3",,,,,,,,
1022,"NW-B-056","4",,,,,,,,
1023,"NW-B-056","5",,,,,,,,
1024,"NW-B-056","6","O'Brien","Eugene","M.",,"12/05/1921","12/14/1995",,
1025,"NW-B-056","7","O'Brien","Catherine","C.",,"11/28/1929","10/22/1992",,
1026,"NW-B-056","8",,,,,,,,
1027,"NW-B-057","1",,,,,,,,
1028,"NW-B-057","2","Reid","Gilbert",,,"11/11/1898","09/13/1974",,
1029,"NW-B-057","3","Reid","Mabel",,"Ramseur","07/17/1907","06/16/1993",,
1030,"NW-B-057","4",,,,,,,,
1031,"NW-B-057","5",,,,,,,,
1032,"NW-B-057","6",,,,,,,,
1033,"NW-B-057","7",,,,,,,,
1034,"NW-B-057","8",,,,,,,,
1035,"NW-B-058","1",,,,,,,,
1036,"NW-B-058","2","Dodson","J.","Ellis",,"12/15/1887","09/19/1956",,
1037,"NW-B-058","3","Dodson","Minnie","F.",,"08/07/1891","09/20/1977",,
1038,"NW-B-058","4",,,,,,,,
1039,"NW-B-058","5",,,,,,,,
1040,"NW-B-058","6",,,,,,,,
1041,"NW-B-058","7",,,,,,,,
1042,"NW-B-058","8",,,,,,,,
1043,"NW-B-059","1","Brown,","Luther","C.",,"12/30/1924","06/20/1985"," Jr.",
1044,"NW-B-059","2","Brown","Mae","W.",,"05/07/1905","09/30/1980",,
1045,"NW-B-059","3",,,,,,,,
1046,"NW-B-059","4","Brown","Luther","G.",,"08/18/1888","02/21/1951",,
1047,"NW-B-059","5",,,,,,,,
1048,"NW-B-059","6",,,,,,,,
1049,"NW-B-059","7",,,,,,,,
1050,"NW-B-059","8",,,,,,,,
1051,"NW-B-060","1",,,,,,,,
1052,"NW-B-060","2",,,,,,,,
1053,"NW-B-060","3",,,,,,,,
1054,"NW-B-060","4",,,,,,,,
1055,"NW-B-060","5","Brown","Sylvia",,"Floyd","12/31/1934","01/14/2010",,
1056,"NW-B-060","6","Brown","John","E.",,"06/02/1927","12/26/1990",,
1057,"NW-B-060","7","Brown","John","E.",,"08/27/1950","01/03/1965","Jr.",
1058,"NW-B-060","8",,,,,,,,
1059,"NW-B-061","1",,,,,,,,
1060,"NW-B-061","2",,,,,,,,
1061,"NW-B-061","3",,,,,,,,
1062,"NW-B-061","4",,,,,,,,
1063,"NW-B-061","5","Swan","John","G",,"01/19/1905","08/31/1972",,
1064,"NW-B-061","6","Swan","Jessie","L",,"03/22/1907","06/26/1994",,
1065,"NW-B-061","7","Swan","Lise",,"Choquette","04/03/1939",,,
1066,"NW-B-061","8","Swan","John","G.",,"01/24/1931",,"Jr.",
1067,"NW-B-062","1",,,,,,,,
1068,"NW-B-062","2",,,,,,,,
1069,"NW-B-062","3",,,,,,,,
1070,"NW-B-062","4",,,,,,,,
1071,"NW-B-062","5","Hodges","Nancy","Jane","Swan","02/24/1933",,,
1072,"NW-B-062","6","Hodges","William","Paul",,"05/02/1930","10/13/2006",,
1073,"NW-B-062","7","Fisher","Karen","Marie","Swan","05/07/1934",,,
1074,"NW-B-062","8","Fisher","Paul","Darrell (Crow)",,"06/15/1934",,,
1075,"NW-B-063","1","Spencer","John","David",,"02/22/1874","05/28/1942",,
1076,"NW-B-063","2","Spencer","Margaret",,"Sullivan","07/10/1885","04/05/1974",,
1077,"NW-B-063","3",,,,,,,,
1078,"NW-B-063","4",,,,,,,,
1079,"NW-B-063","5",,,,,,,,
1080,"NW-B-063","6",,,,,,,,
1081,"NW-B-063","7","Young","Virginia","L.",,"07/26/1916","04/13/1958",,
1082,"NW-B-063","8","Lancaster","Barbara","A.",,"10/29/1938","04/13/1958",,
1083,"NW-B-064","1",,,,,,,,
1084,"NW-B-064","2",,,,,,,,
1085,"NW-B-064","3",,,,,,,,
1086,"NW-B-064","4",,,,,,,,
1087,"NW-B-064","5",,,,,,,,
1088,"NW-B-064","6",,,,,,,,
1089,"NW-B-064","7",,,,,,,,
1090,"NW-B-064","8","Butterworth","Sylvia",,"Hewett","02/08/1937","01/22/2020",,
1091,"NW-B-065","1",,,,,,,,
1092,"NW-B-065","2",,,,,,,,
1093,"NW-B-065","3",,,,,,,,
1094,"NW-B-065","4",,,,,,,,
1095,"NW-B-065","5","Boyd","Shelia","Oneida","Butterworth","12/21/1966","07/13/2011",,
1096,"NW-B-065","6","Hewett","Oneida","C.",,"02/18/1901","12/09/1989",,
1097,"NW-B-065","7","Hewett","Charlie","W.",,"12/25/1894","02/26/1958",,
1098,"NW-B-065","8",,,,,,,,
1099,"NW-B-066","1",,,,,,,,
1100,"NW-B-066","2",,,,,,,,
1101,"NW-B-066","3",,,,,,,,
1102,"NW-B-066","4","McKeithan","Charlie","D.",,"00/00/1883","00/00/1957",,
1103,"NW-B-066","5",,,,,,,,
1104,"NW-B-066","6",,,,,,,,
1105,"NW-B-066","7",,,,,,,,
1106,"NW-B-066","8",,,,,,,,
1107,"NW-B-067","1","McKeithan","Etta","Reaves",,"00/00/1885","00/00/1980",,
1108,"NW-B-067","2","McKeithan","Emma","Lee",,"00/00/1911","00/00/1993",,
1109,"NW-B-067","3",,,,,,,,
1110,"NW-B-067","4",,,,,,,,
1111,"NW-B-067","5",,,,,,,,
1112,"NW-B-067","6",,,,,,,,
1113,"NW-B-067","7",,,,,,,,
1114,"NW-B-067","8",,,,,,,,
1115,"NW-B-068","1",,,,,,,,
1116,"NW-B-068","2",,,,,,,,
1117,"NW-B-068","3",,,,,,,,
1118,"NW-B-068","4",,,,,,,,
1119,"NW-B-068","5","Leonard","Leon","E",,"01/23/1903","05/20/1966",,
1120,"NW-B-068","6","Leonard","Edwin","Vance",,"12/22/1901","10/19/1993",,
1121,"NW-B-068","7","Leonard","Dola",,"Bennett","03/15/1906","01/13/1986",,
1122,"NW-B-068","8",,,,,,,,
1123,"NW-B-069","1","Parker","Helen","Louise","McGill","07/23/1926","11/24/2000",,
1124,"NW-B-069","2","Parker","Ernest","E.",,"07/25/1925","04/11/1982",,
1125,"NW-B-069","3",,,,,,,,
1126,"NW-B-069","4",,,,,,,,
1127,"NW-B-069","5",,,,,,,,
1128,"NW-B-069","6",,,,,,,,
1129,"NW-B-069","7",,,,,,,,
1130,"NW-B-069","8",,,,,,,,
1131,"NW-B-070","1",,,,,,,,
1132,"NW-B-070","2",,,,,,,,
1133,"NW-B-070","3",,,,,,,,
1134,"NW-B-070","4",,,,,,,,
1135,"NW-B-070","5",,,,,,,,
1136,"NW-B-070","6","Jones","William","Lubby",,"06/03/1911","09/27/1966",,
1137,"NW-B-070","7","Jones","Mattie","Lou",,"10/11/1914","11/29/1981",,
1138,"NW-B-070","8",,,,,,,,
1139,"NW-B-071","1",,,,,,,,
1140,"NW-B-071","2",,,,,,,,
1141,"NW-B-071","3",,,,,,,,
1142,"NW-B-071","4",,,,,,,,
1143,"NW-B-071","5","Ferguson","Wilhelmina","Boesser",,"09/20/1924","07/13/2009",,
1144,"NW-B-071","6","Loughlin","James","D.",,"12/19/1912","07/16/1965",,
1145,"NW-B-071","7","Loughlin","Desetta","B.",,"06/02/1914","01/18/2014",,
1146,"NW-B-071","8",,,,,,,,
1147,"NW-B-072","1",,,,,,,,
1148,"NW-B-072","2",,,,,,,,
1149,"NW-B-072","3",,,,,,,,
1150,"NW-B-072","4",,,,,,,,
1151,"NW-B-072","5",,,,,,,,
1152,"NW-B-072","6","Pierpont","Paul","Kenneth",,"09/30/1901","06/13/1968",,
1153,"NW-B-072","7","Pierpont","Helen",,"Potter","04/15/1900","05/11/1989",,
1154,"NW-B-072","8",,,,,,,,
1155,"NW-B-073","1",,,,,,,,
1156,"NW-B-073","2",,,,,,,,
1157,"NW-B-073","3",,,,,,,,
1158,"NW-B-073","4",,,,,,,,
1159,"NW-B-073","5",,,,,,,,
1160,"NW-B-073","6",,,,,,,,
1161,"NW-B-073","7",,,,,,,,
1162,"NW-B-073","8",,,,,,,,
1163,"NW-B-074","1",,,,,,,,
1164,"NW-B-074","2",,,,,,,,
1165,"NW-B-074","3",,,,,,,,
1166,"NW-B-074","4",,,,,,,,
1167,"NW-B-074","5",,,,,,,,
1168,"NW-B-074","6",,,,,,,,
1169,"NW-B-074","7",,,,,,,,
1170,"NW-B-074","8",,,,,,,,
1171,"NW-C-001","1",,,,,,,,
1172,"NW-C-001","2","Griffin","Elisabeth",,"Watson","02/09/1917",,,
1173,"NW-C-001","3","Griffin","John","Henry",,"01/13/1917","02/20/1908",,
1174,"NW-C-001","4",,,,,,,,
1175,"NW-C-001","5",,,,,,,,
1176,"NW-C-001","6",,,,,,,,
1177,"NW-C-001","7",,,,,,,,
1178,"NW-C-001","8",,,,,,,,
1179,"NW-C-002","1","Stubbs","Bessie",,"Rhem","02/02/1898","05/17/1994",,
1180,"NW-C-002","2","Stubbs","Ola","Ray","""Pappy""","02/22/1898","09/02/1984",,
1181,"NW-C-002","3",,,,,,,,
1182,"NW-C-002","4",,,,,,,,
1183,"NW-C-002","5",,,,,,,,
1184,"NW-C-002","6","Williamson","John","H.",,"05/30/1918","02/15/1975",,
1185,"NW-C-002","7",,,,,,,,
1186,"NW-C-002","8",,,,,,,,
1187,"NW-C-003","1",,,,,,,,
1188,"NW-C-003","2","Hickman","Lucy","Elnora",,"08/15/1919","02/22/1996",,
1189,"NW-C-003","3","Rogers","Ramona","Dianne",,"09/13/1949","07/08/1970",,
1190,"NW-C-003","4","Rogers","Benjamin","Herman",,"10/17/1917","01/06/1980",,
1191,"NW-C-003","5",,,,,,,,
1192,"NW-C-003","6",,,,,,,,
1193,"NW-C-003","7",,,,,,,,
1194,"NW-C-003","8",,,,,,,,
1195,"NW-C-004","1",,,,,,,,
1196,"NW-C-004","2",,,,,,,,
1197,"NW-C-004","3",,,,,,,,
1198,"NW-C-004","4",,,,,,,,
1199,"NW-C-004","5","Rogers","Gilda",,"Arnold",,,,
1200,"NW-C-004","6","Gore","Janis",,"Arnold","03/31/1930","05/24/2001",,
1201,"NW-C-004","7","Arnold","James","Clifton",,"07/19/1900","01/23/1972",,
1202,"NW-C-004","8","Arnold","Annie",,"Ringgold","01/21/1902","09/30/1974",,
1203,"NW-C-005","1",,,,,,,,
1204,"NW-C-005","2",,,,,,,,
1205,"NW-C-005","3","Smith",,,,,,,
1206,"NW-C-005","4",,,,,,,,
1207,"NW-C-005","5",,,,,,,,
1208,"NW-C-005","6","Smith","Dean","Edward",,"11/21/1963","02/18/1993",,
1209,"NW-C-005","7","Smith","James","Edward",,"11/11/1904","01/20/1975",,
1210,"NW-C-005","8","Smith","Geneva",,"Hickman","08/08/1911","09/16/2001",,
1211,"NW-C-006","1",,,,,,,,
1212,"NW-C-006","2",,,,,,,,
1213,"NW-C-006","3",,,,,,,,
1214,"NW-C-006","4",,,,,,,,
1215,"NW-C-006","5",,,,,,,,
1216,"NW-C-006","6","Gray","Ella ""Tea""","Mae","Gore","11/18/1940","05/10/2016",,
1217,"NW-C-006","7","Gray","William ""Bill""","Wesley",,"09/12/1931","02/25/2020","Sr",
1218,"NW-C-006","8",,,,,,,,
1219,"NW-C-007","1","Johnston","Gregory","Philip (II)",,"11/29/1963",,,
1220,"NW-C-007","2","Johnston","Mary","Kathleen",,"07/31/1924","04/25/2014",,
1221,"NW-C-007","3","Johnston","Benedict","Malcolm (Mack)",,"06/07/1924","04/16/2012",,
1222,"NW-C-007","4","Johnston","Gregory","Plillip",,"01/26/1959","01/26/1959",,
1223,"NW-C-007","5",,,,,,,,
1224,"NW-C-007","6","Johnston","Charlie","Lee",,"00/00/1898","00/00/1965",,
1225,"NW-C-007","7","Johnston","Geraldine",,"Kaneer","09/01/1902","01/14/1990",,
1226,"NW-C-007","8","Johnston","Charles","Philip",,"05/13/1928","04/25/2017",,
1227,"NW-C-008","1",,,,,,,,
1228,"NW-C-008","2","Smith","Kevin",,,"08/20/1963","01/24/2022",,
1229,"NW-C-008","3","Smith","Alice","Rebecca",,"10/04/1936","11/04/1991",,
1230,"NW-C-008","4","Fortiscue","Delores",,"Brown","09/13/1926","11/16/2005",,
1231,"NW-C-008","5","Brown","Charles",,,"12/12/1895","09/17/1963",,
1232,"NW-C-008","6","Brown","Grace",,"Jones","00/00/1889","00/00/1981",,
1233,"NW-C-008","7","Brown,","Charles",,,"03/12/1920","05/14/1983","Jr.",
1234,"NW-C-008","8",,,,,,,,
1235,"NW-C-009","1","Dosher","Jack","A.",,"09/00/1921","04/00/1965",,
1236,"NW-C-009","2","Dosher","Margie","Lee",,"09/07/1926","04/15/1986",,
1237,"NW-C-009","3","Hickman","Lettiw",,,"08/07/1923","02/06/2006",,
1238,"NW-C-009","4",,,,,,,,
1239,"NW-C-009","5",,,,,,,,
1240,"NW-C-009","6",,,,,,,,
1241,"NW-C-009","7","Hickman","Frances","Lois",,"12/11/1938","11/23/1978",,
1242,"NW-C-009","8","Potts","William","Henry",,"00/00/1899","00/00/1974",,
1243,"NW-C-010","1","Hickman","Charlie","H.",,"00/01/879","00/00/1948",,
1244,"NW-C-010","2","Hickman","Mama","Minnie",,"06/13/1886","05/22/1981",,
1245,"NW-C-010","3","Hickman","Dallie","H.",,"00/00/1906","00/00/1949",,
1246,"NW-C-010","4",,,,,,,,
1247,"NW-C-010","5",,,,,,,,
1248,"NW-C-010","6",,,,,,,,
1249,"NW-C-010","7",,,,,,,,
1250,"NW-C-010","8",,,,,,,,
1251,"NW-C-011","1",,,,,,,,
1252,"NW-C-011","2","Hickman","Thomas","E.",,"10/11/1888","10/25/1964",,
1253,"NW-C-011","3","Hickman","Ruth","F.",,"05/02/1897","04/27/1969",,
1254,"NW-C-011","4",,,,,,,,
1255,"NW-C-011","5",,,,,,,,
1256,"NW-C-011","6",,,,,,,,
1257,"NW-C-011","7",,,,,,,,
1258,"NW-C-011","8",,,,,,,,
1259,"NW-C-012","1","Hickman","Margaret","B.",,"06/19/1949","12/01/1986",,
1260,"NW-C-012","2","Hickman","Jack","E.",,"10/05/1918","01/29/1999",,
1261,"NW-C-012","3","Gilbert","Evelyn",,"Hickman","10/22/1925","08/20/1996",,
1262,"NW-C-012","4","Gilbert,","Thomas","Earl",,"02/13/1924","12/11/2001"," III",
1263,"NW-C-012","5",,,,,,,,
1264,"NW-C-012","6",,,,,,,,
1265,"NW-C-012","7",,,,,,,,
1266,"NW-C-012","8",,,,,,,,
1267,"NW-C-013","1",,,,,,,,
1268,"NW-C-013","2",,,,,,,,
1269,"NW-C-013","3",,,,,,,,
1270,"NW-C-013","4",,,,,,,,
1271,"NW-C-013","5","Lewis","Bradie","E.",,"00/00/1895","00/00/1975",,
1272,"NW-C-013","6","Lewis","William","E.",,"00/00/1895","00/00/1977",,
1273,"NW-C-013","7",,,,,,,,
1274,"NW-C-013","8",,,,,,,,
1275,"NW-C-014","1",,,,,,,,
1276,"NW-C-014","2",,,,,"08/19/1936","05/04/2013",,
1277,"NW-C-014","3",,,,,,,,
1278,"NW-C-014","4",,,,,,,,
1279,"NW-C-014","5","Dorme","Louis",,,"05/16/1913","12/05/1977",,
1280,"NW-C-014","6","Morton","Lilian","Viola","Dorme","08/19/1936","05/04/2013",,
1281,"NW-C-014","7","Dorme","Ruby","Alice","Danford","06/10/1912","01/20/1995",,
1282,"NW-C-014","8","Walker","Tina","Louise",,"10/23/1964","03/08/2015",,
1283,"NW-C-015","1",,,,,,,,
1284,"NW-C-015","2",,,,,,,,
1285,"NW-C-015","3",,,,,,,,
1286,"NW-C-015","4",,,,,,,,
1287,"NW-C-015","5","Danford","Olie",,,"09/02/1879","02/15/1977",,
1288,"NW-C-015","6","Danford","Fletcher",,,"02/22/1883","03/04/1964",,
1289,"NW-C-015","7","Heeger","Pamel",,"Coring","07/04/1966",,,
1290,"NW-C-015","8","Heeger","Steven","Arthur",,"03/03/1963","09/16/2002",,
1291,"NW-C-016","1","Johnson","Gladys","S.","Stevens","09/19/1921","10/04/1999",,
1292,"NW-C-016","2","Johnson","Wesley","N.",,"09/10/1917","01/20/1972",,
1293,"NW-C-016","3",,,,,,,,
1294,"NW-C-016","4",,,,,,,,
1295,"NW-C-016","5",,,,,,,,
1296,"NW-C-016","6",,,,,,,,
1297,"NW-C-016","7",,,,,,,,
1298,"NW-C-016","8",,,,,,,,
1299,"NW-C-017","1",,,,,,,,
1300,"NW-C-017","2",,,,,,,,
1301,"NW-C-017","3",,,,,,,,
1302,"NW-C-017","4",,,,,,,,
1303,"NW-C-017","5",,,,,,,,
1304,"NW-C-017","6","Stevens","Fred",,,"00/00/1889","00/00/1960",,
1305,"NW-C-017","7","Stevens","Margie",,,"00/00/1892","00/00/1985",,
1306,"NW-C-017","8","Wolfe","Daniel",,,"07/30/1985","08/08/1985",,
1307,"NW-C-018","1",,,,,,,,
1308,"NW-C-018","2",,,,,,,,
1309,"NW-C-018","3",,,,,,,,
1310,"NW-C-018","4",,,,,,,,
1311,"NW-C-018","5",,,,,,,,
1312,"NW-C-018","6",,,,,,,,
1313,"NW-C-018","7","Howie / Hewett Jr","Belinda / John","William","11/02/1929 - 03/10/2014","03/22/1950","06/05/1984",,
1314,"NW-C-018","8","Hewett","Doris","S.",,"11/21/1929","06/09/1984",,
1315,"NW-C-019","1","Fullwood","Odis","Eugene",,"06/28/1933","03/08/1976",,
1316,"NW-C-019","2","Hilburn","William","Guliford",,"12/02/1930","09/04/2011",,
1317,"NW-C-019","3",,,,,,,,
1318,"NW-C-019","4",,,,,,,,
1319,"NW-C-019","5",,,,,,,,
1320,"NW-C-019","6",,,,,,,,
1321,"NW-C-019","7",,,,,,,,
1322,"NW-C-019","8","Fullwood","Ronald (Ronnie)","Dean",,"12/01/1957","02/02/2009",,
1323,"NW-C-020","1",,,,,,,,
1324,"NW-C-020","2",,,,,,,,
1325,"NW-C-020","3",,,,,,,,
1326,"NW-C-020","4",,,,,,,,
1327,"NW-C-020","5","Barnhill","Fred",,,"03/31/1912","10/30/1990",,
1328,"NW-C-020","6","Barnhill","Euletha","(Letha)","Simmons","11/20/1925","06/18/2005",,
1329,"NW-C-020","7",,,,,,,,
1330,"NW-C-020","8",,,,,,,,
1331,"NW-C-021","1",,,,,,,,
1332,"NW-C-021","2","Smith","Edyth","Purvis","Smith","01/25/1932","01/07/2025",,
1333,"NW-C-021","3",,,,,,,,
1334,"NW-C-021","4",,,,,,,,
1335,"NW-C-021","5",,,,,,,,
1336,"NW-C-021","6","Smith","Georgia","C.",,"10/24/1889","06/05/1968",,
1337,"NW-C-021","7","Smith","Afton","W.",,"09/12/1891","04/07/1960","Sr.",
1338,"NW-C-021","8",,,,,,,,
1339,"NW-C-022","1",,,,,,,,
1340,"NW-C-022","2",,,,,,,,
1341,"NW-C-022","3",,,,,,,,
1342,"NW-C-022","4",,,,,,,,
1343,"NW-C-022","5","McNeil","Emma","L.",,"08/07/1930","01/23/1894",,
1344,"NW-C-022","6",,,,,,,,
1345,"NW-C-022","7","Blohm","Buddy","K.",,"03/24/1938","05/14/1983",,
1346,"NW-C-022","8","Lewis","Drothy","M.",,"00/00/1904","00/00/1961",,
1347,"NW-C-023","1",,,,,,,,
1348,"NW-C-023","2","Moore","Ruby",,"Apple","08/31/1900","02/11/1970",,
1349,"NW-C-023","3","Moore","Claude",,,"12/19/1893","12/15/1962",,
1350,"NW-C-023","4",,,,,,,,
1351,"NW-C-023","5",,,,,,,,
1352,"NW-C-023","6",,,,,,,,
1353,"NW-C-023","7",,,,,,,,
1354,"NW-C-023","8",,,,,,,,
1355,"NW-C-024","1",,,,,,,,
1356,"NW-C-024","2","Fulcher","Edna",,"Carr","06/04/1906","04/10/1993",,
1357,"NW-C-024","3",,,,,,,,
1358,"NW-C-024","4","Fulcher","Delmas","J.",,"03/17/1907","06/15/1962","Sr.",
1359,"NW-C-024","5",,,,,,,,
1360,"NW-C-024","6","McNeil","Emma","L.",,"08/07/1930","01/23/1984",,
1361,"NW-C-024","7","Blohm","Bradley","K.",,"03/24/1938","05/14/1983",,
1362,"NW-C-024","8","Lewis","Drothy","M.",,"00/00/1904","00/00/1961",,
1363,"NW-C-025","1",,,,,,,,
1364,"NW-C-025","2",,,,,,,,
1365,"NW-C-025","3",,,,,,,,
1366,"NW-C-025","4",,,,,,,,
1367,"NW-C-025","5",,,,,,,,
1368,"NW-C-025","6","Smith","Edgar","W.",,"00/00/1871","00/00/1934",,
1369,"NW-C-025","7","Smith","Susan","J.",,"00/00/1876","00/00/1960",,
1370,"NW-C-025","8",,,,,,,,
1371,"NW-C-026","1",,,,,,,,
1372,"NW-C-026","2","Moore","Sadie",,"Orr","04/04/1895","10/01/1962",,
1373,"NW-C-026","3","Moore","Adrian","Wallace",,"12/23/1885","10/23/1978",,
1374,"NW-C-026","4",,,,,,,,
1375,"NW-C-026","5",,,,,,,,
1376,"NW-C-026","6",,,,,,,,
1377,"NW-C-026","7",,,,,,,,
1378,"NW-C-026","8",,,,,,,,
1379,"NW-C-027","1","Moore","Adrian","Elliott",,"04/10/1921","07/09/1938",,
1380,"NW-C-027","2","Moore","Janie",,"Elliot","05/09/1896","08/03/1963",,
1381,"NW-C-027","3","Moore","Joel","L.",,"08/27/1926","10/06/1986","Jr.",
1382,"NW-C-027","4","Moore","Joel","L.",,"08/13/1893","04/06/1963",,
1383,"NW-C-027","5",,,,,,,,
1384,"NW-C-027","6",,,,,,,,
1385,"NW-C-027","7",,,,,,,,
1386,"NW-C-027","8",,,,,,,,
1387,"NW-C-028","1",,,,,,,,
1388,"NW-C-028","2",,,,,,,,
1389,"NW-C-028","3",,,,,,,,
1390,"NW-C-028","4",,,,,,,,
1391,"NW-C-028","5","Potter","Linda","Joyce",,"12/12/1942","09/19/2022",,
1392,"NW-C-028","6","Potter","John","Francis",,"01/23/1884","04/23/1968",,
1393,"NW-C-028","7","Potter","Una",,"Knowles","05/10/1894","03/10/1966",,
1394,"NW-C-028","8","Potter","Robert","Monroe",,"06/21/1911","04/13/1968",,
1395,"NW-C-029","1",,,,,,,,
1396,"NW-C-029","2",,,,,,,,
1397,"NW-C-029","3",,,,,,,,
1398,"NW-C-029","4",,,,,,,,
1399,"NW-C-029","5",,,,,,,,
1400,"NW-C-029","6","Davis","Mayme",,,"08/08/1890","06/01/1960",,
1401,"NW-C-029","7","Covington","Roma",,"Moore","11/18/1909","12/19/1964",,
1402,"NW-C-029","8",,,,,,,,
1403,"NW-C-030","1",,,,,,,,
1404,"NW-C-030","2",,,,,,,,
1405,"NW-C-030","3",,,,,,,,
1406,"NW-C-030","4",,,,,,,,
1407,"NW-C-030","5",,,,,,,,
1408,"NW-C-030","6",,,,,,,,
1409,"NW-C-030","7",,,,,,,,
1410,"NW-C-030","8",,,,,,,,
1411,"NW-C-031","1","Faulk,","William","Graddy",,"03/10/1928","10/28/1993"," Jr.",
1412,"NW-C-031","2","Faulk","Lillian",,"Dozier","02/19/1896","04/05/1958",,
1413,"NW-C-031","3","Faulk,","William","Graddy",,"09/14/195","03/09/1945","Sr.",
1414,"NW-C-031","4",,,,,,,,
1415,"NW-C-031","5",,,,,,,,
1416,"NW-C-031","6",,,,,,,,
1417,"NW-C-031","7",,,,,,,,
1418,"NW-C-031","8",,,,,,,,
1419,"NW-C-032","1",,,,,,,,
1420,"NW-C-032","2",,,,,,,,
1421,"NW-C-032","3",,,,,,,,
1422,"NW-C-032","4",,,,,,,,
1423,"NW-C-032","5",,,,,,,,
1424,"NW-C-032","6","Brendle","Brittany","Elizabeth",,"03/22/1991","12/11/2007",,
1425,"NW-C-032","7","Brendle","James","Richard",,"11/28/1962","06/05/1997",,
1426,"NW-C-032","8",,,,,,,,
1427,"NW-C-033","1",,,,,,,,
1428,"NW-C-033","2",,,,,,,,
1429,"NW-C-033","3",,,,,,,,
1430,"NW-C-033","4",,,,,,,,
1431,"NW-C-033","5","Brendle","Richard","Leon",,"00/00/1905","00/00/1954",,
1432,"NW-C-033","6","Brendle","Marjorie","N.",,"00/00/1901","00/00/1968",,
1433,"NW-C-033","7","Brendle","Lottie","Mae",,"04/15/1889","05/01/1977",,
1434,"NW-C-033","8","Brendle","Richard","Leon",,"09/03/1931","09/13/2012","Jr.",
1435,"NW-C-034","1",,,,,,,,
1436,"NW-C-034","2",,,,,,,,
1437,"NW-C-034","3",,,,,,,,
1438,"NW-C-034","4",,,,,,,,
1439,"NW-C-034","5",,,,,,,,
1440,"NW-C-034","6","Galloway","Edwin","K.",,"09/23/1915","11/30/1978",,
1441,"NW-C-034","7","Galloway","Ona",,"Hobbs","00/00/1886","00/00/1960",,
1442,"NW-C-034","8","Galloway","Louie","Albert",,"00/00/1879","00/00/1954",,
1443,"NW-C-035","1",,,,,,,,
1444,"NW-C-035","2",,,,,,,,
1445,"NW-C-035","3",,,,,,,,
1446,"NW-C-035","4",,,,,,,,
1447,"NW-C-035","5","Lewis","Roberta",,"Hobbs","00/00/1882","00/00/1957",,
1448,"NW-C-035","6","Willing","Robert","Young",,"01/14/1912","05/04/1983",,
1449,"NW-C-035","7","Willing","Albirta","Jeanette",,"04/18/1924","10/29/2003",,
1450,"NW-C-035","8","Coan","Joan","Sturdivant","Galloway","01/10/1911","05/25/1982",,
1451,"NW-C-036","1",,,,,,,,
1452,"NW-C-036","2",,,,,,,,
1453,"NW-C-036","3",,,,,,,,
1454,"NW-C-036","4",,,,,,,,
1455,"NW-C-036","5",,,,,,,,
1456,"NW-C-036","6","Bronson","Ralph","B.",,"07/06/1884","10/17/1955",,
1457,"NW-C-036","7","Bronson","Gertrude","R.",,"02/12/1881","07/09/1950",,
1458,"NW-C-036","8",,,,,,,,
1459,"NW-C-037","1",,,,,,,,
1460,"NW-C-037","2",,,,,,,,
1461,"NW-C-037","3",,,,,,,,
1462,"NW-C-037","4",,,,,,,,
1463,"NW-C-037","5",,,,,,,,
1464,"NW-C-037","6",,,,,,,,
1465,"NW-C-037","7",,,,,,,,
1466,"NW-C-037","8",,,,,,,,
1467,"NW-C-038","1",,,,,,,,
1468,"NW-C-038","2",,,,,,,,
1469,"NW-C-038","3",,,,,,,,
1470,"NW-C-038","4",,,,,,,,
1471,"NW-C-038","5",,,,,,,,
1472,"NW-C-038","6",,,,,,,,
1473,"NW-C-038","7",,,,,,,,
1474,"NW-C-038","8",,,,,,,,
1475,"NW-C-039","1",,,,,,,,
1476,"NW-C-039","2",,,,,,,,
1477,"NW-C-039","3",,,,,,,,
1478,"NW-C-039","4",,,,,,,,
1479,"NW-C-039","5","Shannon","Daniel","David",,"09/21/1940","06/18/1950",,
1480,"NW-C-039","6","Shannon","Patricia","Ann",,"01/26/1944","06/18/1950",,
1481,"NW-C-039","7","Shannon","Daniel","D.",,"07/07/1917","12/02/1991",,
1482,"NW-C-039","8","Shannon","Inez","H.",,"04/27/1916","12/02/1991",,
1483,"NW-C-040","1",,,,,,,,
1484,"NW-C-040","2",,,,,,,,
1485,"NW-C-040","3",,,,,,,,
1486,"NW-C-040","4",,,,,,,,
1487,"NW-C-040","5",,,,,,,,
1488,"NW-C-040","6","Myers","Annie","Laurie","Harrelson","09/11/1911","03/03/2003",,
1489,"NW-C-040","7","Ramseur","Joseph","T.",,"01/12/1910","02/21/1958",,
1490,"NW-C-040","8",,,,,,,,
1491,"NW-C-041","1",,,,,,,,
1492,"NW-C-041","2",,,,,,,,
1493,"NW-C-041","3",,,,,,,,
1494,"NW-C-041","4",,,,,,,,
1495,"NW-C-041","5","Ramseur","John","J.",,"01/19/1876","03/23/1960",,
1496,"NW-C-041","6","Ramseur","Ruth Sallie","Floe",,"09/20/1885","03/18/1960",,
1497,"NW-C-041","7","Galloway","Helen",,"Ramseur","09/25/1911","01/28/1993",,
1498,"NW-C-041","8",,,,,,,,
1499,"NW-C-042","1",,,,,,,,
1500,"NW-C-042","2","St. George","Clara","N",,"11/14/1906","07/22/1988",,
1501,"NW-C-042","3","St. George","Thomas","W.",,"04/27/1903","12/06/1960",,
1502,"NW-C-042","4",,,,,,,,
1503,"NW-C-042","5",,,,,,,,
1504,"NW-C-042","6",,,,,,,,
1505,"NW-C-042","7",,,,,,,,
1506,"NW-C-042","8",,,,,,,,
1507,"NW-C-043","1",,,,,,,,
1508,"NW-C-043","2",,,,,,,,
1509,"NW-C-043","3",,,,,,,,
1510,"NW-C-043","4",,,,,,,,
1511,"NW-C-043","5",,,,,,,,
1512,"NW-C-043","6","Bringloe","Lewis","H.",,"09/05/1876","06/18/1954",,
1513,"NW-C-043","7","Bringloe","Agnes",,"Grisson","08/06/1885","06/28/1978",,
1514,"NW-C-043","8",,,,,,,,
1515,"NW-C-044","1",,,,,,,,
1516,"NW-C-044","2","Miller","Gladys","T.",,"01/01/1904","05/25/1964",,
1517,"NW-C-044","3","Miller","Hal","Young",,"11/01/1900","03/02/1954",,
1518,"NW-C-044","4",,,,,,,,
1519,"NW-C-044","5",,,,,,,,
1520,"NW-C-044","6",,,,,,,,
1521,"NW-C-044","7",,,,,,,,
1522,"NW-C-044","8",,,,,,,,
1523,"NW-C-045","1",,,,,,,,
1524,"NW-C-045","2",,,,,,,,
1525,"NW-C-045","3","Dosher","Edna","E.",,"12/02/1888","12/31/1974",,
1526,"NW-C-045","4","Dozier","Margarette","L.",,"10/05/1893","03/12/1966",,
1527,"NW-C-045","5",,,,,,,,
1528,"NW-C-045","6",,,,,,,,
1529,"NW-C-045","7",,,,,,,,
1530,"NW-C-045","8",,,,,,,,
1531,"NW-C-046","1",,,,,,,,
1532,"NW-C-046","2",,,,,,,,
1533,"NW-C-046","3",,,,,,,,
1534,"NW-C-046","4",,,,,,,,
1535,"NW-C-046","5","Smith","Henry","D.",,"00/00/1878","00/00/1962",,
1536,"NW-C-046","6","Smith","Jessie","M.",,"00/00/1887","00/00/1960",,
1537,"NW-C-046","7",,,,,,,,
1538,"NW-C-046","8",,,,,,,,
1539,"NW-C-047","1",,,,,,,,
1540,"NW-C-047","2",,,,,,,,
1541,"NW-C-047","3",,,,,,,,
1542,"NW-C-047","4",,,,,,,,
1543,"NW-C-047","5","Daniel","Julia","Faye","Smith","12/13/1935","04/01/2011",,
1544,"NW-C-047","6","Smith","Frances","Rose","""Tinke""","01/19/1947","10/24/2002",,
1545,"NW-C-047","7","Smith","Frances",,"Spivey","04/29/1920","09/28/1956",,
1546,"NW-C-047","8","Smith","Leon","Thomas (L.T.)",,"04/28/1916","05/03/1999",,
1547,"NW-C-048","1",,,,,,,,
1548,"NW-C-048","2",,,,,,,,
1549,"NW-C-048","3",,,,,,,,
1550,"NW-C-048","4",,,,,,,,
1551,"NW-C-048","5",,,,,,,,
1552,"NW-C-048","6",,,,,,,,
1553,"NW-C-048","7",,,,,,,,
1554,"NW-C-048","8","Smith","Louise",,"Carroll","12/15/1924","06/21/1990",,
1555,"NW-C-049","1",,,,,,,,
1556,"NW-C-049","2","Nichols","Helen","Estelle",,"00/00/1888","00/00/1985",,
1557,"NW-C-049","3","Baker","Donald","A.",,"02/23/1901","06/07/1956",,
1558,"NW-C-049","4",,,,,,,,
1559,"NW-C-049","5",,,,,,,,
1560,"NW-C-049","6",,,,,,,,
1561,"NW-C-049","7",,,,,,,,
1562,"NW-C-049","8",,,,,,,,
1563,"NW-C-050","1",,,,,,,,
1564,"NW-C-050","2",,,,,,,,
1565,"NW-C-050","3",,,,,,,,
1566,"NW-C-050","4",,,,,,,,
1567,"NW-C-050","5","Cate","Mary",,"Lincoln","00/00/1921","00/00/1982",,
1568,"NW-C-050","6",,,,,,,,
1569,"NW-C-050","7","Cate","Mary",,"Andrews","11/04/1880","01/04/1973",,
1570,"NW-C-050","8","Cate","Eugene","Pleasant",,"03/21/1876","10/09/1956",,
1571,"NW-C-051","1",,,,,,,,
1572,"NW-C-051","2",,,,,,,,
1573,"NW-C-051","3",,,,,,,,
1574,"NW-C-051","4",,,,,,,,
1575,"NW-C-051","5",,,,,,,,
1576,"NW-C-051","6","Martin","Anthony","A.",,"09/15/1958","09/04/1988",,
1577,"NW-C-051","7","Martin","Aldege","A.",,"12/27/1911","05/01/1982",,
1578,"NW-C-051","8","Martin","Mildred","C.",,"10/14/1904","08/08/1988",,
1579,"NW-C-052","1",,,,,,,,
1580,"NW-C-052","2",,,,,,,,
1581,"NW-C-052","3",,,,,,,,
1582,"NW-C-052","4",,,,,,,,
1583,"NW-C-052","5","Turner","James","A.",,"12/05/1930","03/08/1972",,
1584,"NW-C-052","6","Turner, .","Alexander","L.",,"00/00/1907","00/00/1973","Jr.",
1585,"NW-C-052","7","Turner","Mary",,"Jones","00/00/1909","00/00/1960",,
1586,"NW-C-052","8",,,,,,,,
1587,"NW-C-053","1",,,,,,,,
1588,"NW-C-053","2",,,,,,,,
1589,"NW-C-053","3",,,,,,,,
1590,"NW-C-053","4",,,,,,,,
1591,"NW-C-053","5",,,,,,,,
1592,"NW-C-053","6","Register","Helen","V.","Meadows","11/27/1912","09/22/1968",,
1593,"NW-C-053","7","Meadows,","James","T.",,"09/27/1890","07/21/1946","Sr.",
1594,"NW-C-053","8","Meadows","Marguerite",,"Carter","02/03/1895","01/23/1980",,
1595,"NW-C-054","1",,,,,,,,
1596,"NW-C-054","2",,,,,,,,
1597,"NW-C-054","3",,,,,,,,
1598,"NW-C-054","4",,,,,,,,
1599,"NW-C-054","5","Watts","John","A.",,"00/00/1946","00/00/1946",,
1600,"NW-C-054","6","Watts","Ellen",,"Hinnant","12/17/1922","04/22/2001",,
1601,"NW-C-054","7","Watts","Basil","Cortez",,"05/25/1924","05/18/1983",,
1602,"NW-C-054","8",,,,,,,,
1603,"NW-C-055","1",,,,,,,,
1604,"NW-C-055","2",,,,,,,,
1605,"NW-C-055","3",,,,,,,,
1606,"NW-C-055","4",,,,,,,,
1607,"NW-C-055","5",,,,,,,,
1608,"NW-C-055","6",,,,,,,,
1609,"NW-C-055","7","Holden","Edna","Peggy",,"11/05/1920","05/01/1994",,
1610,"NW-C-055","8",,,,,,,,
1611,"NW-C-056","1",,,,,,,,
1612,"NW-C-056","2",,,,,,,,
1613,"NW-C-056","3",,,,,,,,
1614,"NW-C-056","4",,,,,,,,
1615,"NW-C-056","5",,,,,,,,
1616,"NW-C-056","6","Spencer","Joseph","Price",,"04/30/1904","03/31/1960",,
1617,"NW-C-056","7","Spencer","Minnie",,"Wescott","06/03/1912","06/23/1984",,
1618,"NW-C-056","8","Spencer","Raymond","Gerald",,"01/13/1934","08/10/2011"," Sr.",
1619,"NW-C-057","1",,,,,,,,
1620,"NW-C-057","2",,,,,,,,
1621,"NW-C-057","3",,,,,,,,
1622,"NW-C-057","4",,,,,,,,
1623,"NW-C-057","5","Wescott","Samuel","Earl",,"07/00/1879","09/00/1958",,
1624,"NW-C-057","6","Wescott","Lydia",,"Lewis","03/00/1891","03/18/1987",,
1625,"NW-C-057","7","Wescott","Edward","E.",,"04/13/1914","12/10/1948",,
1626,"NW-C-057","8","Wescott","Vernon","W.",,"10/20/1916","03/27/1969",,
1627,"NW-C-058","1",,,,,,,,
1628,"NW-C-058","2","Holden","Bertrand","J.",,"05/18/1876","11/07/1955",,
1629,"NW-C-058","3",,,,,,,,
1630,"NW-C-058","4","Holden","Sallie","Bell",,"06/23/1881","02/16/1978",,
1631,"NW-C-058","5",,,,,,,,
1632,"NW-C-058","6",,,,,,,,
1633,"NW-C-058","7",,,,,,,,
1634,"NW-C-058","8",,,,,,,,
1635,"NW-C-059","1",,,,,,,,
1636,"NW-C-059","2","Standland","Olive",,"Holden","11/11/1913","06/09/1972",,
1637,"NW-C-059","3",,,,,,,,
1638,"NW-C-059","4",,,,,,,,
1639,"NW-C-059","5",,,,,,,,
1640,"NW-C-059","6",,,,,,,,
1641,"NW-C-059","7",,,,,,,,
1642,"NW-C-059","8",,,,,,,,
1643,"NW-C-060","1",,,,,,,,
1644,"NW-C-060","2",,,,,,,,
1645,"NW-C-060","3",,,,,,,,
1646,"NW-C-060","4",,,,,,,,
1647,"NW-C-060","5","Cochran","Joseph",,,"09/20/1910","06/28/1990",,
1648,"NW-C-060","6","Cochran","Cassie",,"Smith","03/26/1916","08/12/2002",,
1649,"NW-C-060","7","Cochran","James","Daniel",,"08/03/1937","09/22/2013","Sr.",
1650,"NW-C-060","8a","Cochran","Paul","William",,"04/17/1939","08/18/2016","Sr.",
1651,"NW-C-061","1",,,,,,,,
1652,"NW-C-061","2","Smith","Daniel","Hermus",,"03/24/1924","10/01/2016",,
1653,"NW-C-061","3","Smith","Elizabeth",,"Rener","08/03/1921","06/30/2013",,
1654,"NW-C-061","4",,,,,,,,
1655,"NW-C-061","5","Smith","Elijah","H.",,"10/25/1891","09/19/1942",,
1656,"NW-C-061","6","Smith","Minnie","F.",,"10/14/1892","08/05/1977",,
1657,"NW-C-061","7","Smith","Ella","Mae",,"03/11/1927","04/06/1927",,
1658,"NW-C-061","8","Smith","Dorothe","J.",,"01/14/1922","02/01/1933",,
1659,"NW-C-062","1",,,,,,,,
1660,"NW-C-062","2",,,,,,,,
1661,"NW-C-062","3",,,,,,,,
1662,"NW-C-062","4",,,,,,,,
1663,"NW-C-062","5",,,,,,,,
1664,"NW-C-062","6","Stephens","George","Marion",,"01/10/1922","08/10/2005",,
1665,"NW-C-062","7","Stephens","Josephine",,"Smith",,,,
1666,"NW-C-062","8",,,,,,,,
1667,"NW-C-063","1",,,,,,,,
1668,"NW-C-063","2",,,,,,,,
1669,"NW-C-063","3",,,,,,,,
1670,"NW-C-063","4",,,,,,,,
1671,"NW-C-063","5","Hickman","Anita",,"Tunstall","11/09/1937",,,
1672,"NW-C-063","6","Hickman","Elliot",,,"10/24/1932",,"William",
1673,"NW-C-063","7",,,,,,,,
1674,"NW-C-063","8",,,,,,,,
1675,"NW-C-064","1",,,,,,,,
1676,"NW-C-064","2",,,,,,,,
1677,"NW-C-064","3",,,,,,,,
1678,"NW-C-064","4",,,,,,,,
1679,"NW-C-064","5","Hickman","Josephine",,"Johnson","12/01/1934","02/14/1999",,
1680,"NW-C-064","6","Hickman","Otto","Elliot",,"05/05/1914","01/06/1996",,
1681,"NW-C-064","7",,,,,,,,
1682,"NW-C-064","8","Grant,","Randolph",,,"06/13/1913","10/30/1999"," Jr.",
1683,"NW-C-065","1","Burnish","Walter","Boyd",,"02/23/1908","02/20/1956",,
1684,"NW-C-065","2",,,,,,,,
1685,"NW-C-065","3",,,,,,,,
1686,"NW-C-065","4",,,,,,,,
1687,"NW-C-065","5",,,,,,,,
1688,"NW-C-065","6",,,,,,,,
1689,"NW-C-065","7",,,,,,,,
1690,"NW-C-065","8",,,,,,,,
1691,"NW-C-066","1",,,,,,,,
1692,"NW-C-066","2",,,,,,,,
1693,"NW-C-066","3",,,,,,,,
1694,"NW-C-066","4",,,,,,,,
1695,"NW-C-066","5",,,,,,,,
1696,"NW-C-066","6",,,,,,,,
1697,"NW-C-066","7","Barbee,","Franklin","Pierce",,"10/18/1949","04/05/2007","Sr.",
1698,"NW-C-066","8","Barbee","Edward","Crowell",,"09/26/1958","09/26/1958",,
1699,"NW-C-067","1",,,,,,,,
1700,"NW-C-067","2",,,,,,,,
1701,"NW-C-067","3",,,,,,,,
1702,"NW-C-067","4",,,,,,,,
1703,"NW-C-067","5","Barbee","Infant","Daughter",,"06/27/1957","06/27/1957",,
1704,"NW-C-067","6","Barbee","Dudley",,"Womble","09/06/1917","07/09/1978",,
1705,"NW-C-067","7","Barbee,","Gibson","Vester",,"04/21/1913","07/09/1958"," Sr.",
1706,"NW-C-067","8","Barbee,","Gibson","Vester",,"07/29/1938","11/15/2010","Jr.",
1707,"NW-C-068","1",,,,,,,,
1708,"NW-C-068","2",,,,,,,,
1709,"NW-C-068","3",,,,,,,,
1710,"NW-C-068","4",,,,,,,,
1711,"NW-C-068","5",,,,,,,,
1712,"NW-C-068","6","Wiggs","Milton","R.",,"05/03/1900","04/11/1962",,
1713,"NW-C-068","7",,,,,,,,
1714,"NW-C-068","8",,,,,,,,
1715,"NW-C-069","1",,,,,,,,
1716,"NW-C-069","2",,,,,,,,
1717,"NW-C-069","3","Wolfertz","Ruble",,"Hall","06/11/1913","05/30/1978",,
1718,"NW-C-069","4","Wolfertz","Harvey","Alexnder",,,,,
1719,"NW-C-069","5","Hall","John","W.",,"00/00/1896","00/00/1965",,
1720,"NW-C-069","6","Hall","Ellen",,"Merle","00/00/1896","00/00/1978",,
1721,"NW-C-069","7",,,,,,,,
1722,"NW-C-069","8",,,,,,,,
1723,"NW-C-070","1",,,,,,,,
1724,"NW-C-070","2",,,,,,,,
1725,"NW-C-070","3",,,,,,,,
1726,"NW-C-070","4",,,,,,,,
1727,"NW-C-070","5",,,,,,,,
1728,"NW-C-070","6","Jernigan","Hoyt","J.",,"09/18/1903","03/30/1988",,
1729,"NW-C-070","7","Jernigan","Lucille","G.",,"04/08/1909","05/30/1968",,
1730,"NW-C-070","8",,,,,,,,
1731,"NW-C-071","1",,,,,,,,
1732,"NW-C-071","2","Warth","Leatha",,"Arnold","06/29/1922","12/22/1968",,
1733,"NW-C-071","3","Warth,","John","B.",,"09/09/1918","12/22/1968","Jr.",
1734,"NW-C-071","4",,,,,,,,
1735,"NW-C-071","5",,,,,,,,
1736,"NW-C-071","6",,,,,,,,
1737,"NW-C-071","7",,,,,,,,
1738,"NW-C-071","8",,,,,,,,
1739,"NW-C-072","1","Tritt","Bryant","Lee",,"12/07/1903","01/06/1978",,
1740,"NW-C-072","2","Tritt","Leona",,"Whitley","02/13/1906","11/29/1997",,
1741,"NW-C-072","3","Gaydon","Dillard","E.",,"00/00/1909","00/00/1885",,
1742,"NW-C-072","4","Gaydon","Annie","Mae",,"00/00/1913","00/00/1985",,
1743,"NW-C-072","5",,,,,,,,
1744,"NW-C-072","6",,,,,,,,
1745,"NW-C-072","7",,,,,,,,
1746,"NW-C-072","8",,,,,,,,
1747,"NW-C-073","1",,,,,,,,
1748,"NW-C-073","2",,,,,,,,
1749,"NW-C-073","3",,,,,,,,
1750,"NW-C-073","4",,,,,,,,
1751,"NW-C-073","5","Lee","William","Ozzie",,"06/29/1920","07/30/1970",,
1752,"NW-C-073","6","Edwards","Edna",,"Lee","04/13/1923","06/22/1995",,
1753,"NW-C-073","7",,,,,,,,
1754,"NW-C-073","8",,,,,,,,
1755,"NW-C-074","1",,,,,,,,
1756,"NW-C-074","2",,,,,,,,
1757,"NW-C-074","3",,,,,,,,
1758,"NW-C-074","4",,,,,,,,
1759,"NW-C-074","5",,,,,,,,
1760,"NW-C-074","6",,,,,,,,
1761,"NW-C-074","7",,,,,,,,
1762,"NW-C-074","8",,,,,,,,
1763,"NW-D-001","1",,,,,,,,
1764,"NW-D-001","2","Jackson","Wilbert",,,"09/04/1918","01/03/1992",,
1765,"NW-D-001","3",,,,,,,,
1766,"NW-D-001","4","Clemmons","George","R.",,"06/19/1951","06/23/1987",,
1767,"NW-D-001","5","Bryant","Carrie",,"Jackson","00/00/1912","00/00/1971",,
1768,"NW-D-001","6","Jackson","Issac",,,"00/00/1910","00/00/1974",,
1769,"NW-D-001","7","Jackson","Samuel","J.",,"00/00/1887","00/00/1975",,
1770,"NW-D-001","8",,,,,,,,
1771,"NW-D-002","1",,,,,,,,
1772,"NW-D-002","2",,,,,,,,
1773,"NW-D-002","3",,,,,,,,
1774,"NW-D-002","4",,,,,,,,
1775,"NW-D-002","5",,,,,,,,
1776,"NW-D-002","6","Larsen","Peter","W.",,"02/04/1910","02/16/1975",,
1777,"NW-D-002","7","Larsen","Miriam","P.",,"07/30/1909",,,
1778,"NW-D-002","8",,,,,,,,
1779,"NW-D-003","1",,,,,,,,
1780,"NW-D-003","2",,,,,,,,
1781,"NW-D-003","3",,,,,,"04/12/1989",,
1782,"NW-D-003","4",,,,,,,,
1783,"NW-D-003","5",,,,,,,,
1784,"NW-D-003","6","Oberjohann","William",,,"10/12/1907","04/12/1989",,
1785,"NW-D-003","7","Oberjohann","Delphia","Rebecca",,"04/03/1909","12/22/2000",,
1786,"NW-D-003","8",,,,,,,,
1787,"NW-D-004","1",,,,,,,,
1788,"NW-D-004","2","Dilsaver","Helen","F.",,"07/22/1911","06/22/1962",,
1789,"NW-D-004","3","Dilsaver","Floyd",,,"03/24/1914","02/21/1987",,
1790,"NW-D-004","4","Dilsaver","Mary",,"Spencer","09/21/1916","01/13/2004",,
1791,"NW-D-004","5",,,,,,,,
1792,"NW-D-004","6",,,,,,,,
1793,"NW-D-004","7",,,,,,,,
1794,"NW-D-004","8",,,,,,,,
1795,"NW-D-005","1",,,,,,,,
1796,"NW-D-005","2",,,,,,,,
1797,"NW-D-005","3",,,,,,,,
1798,"NW-D-005","4",,,,,,,,
1799,"NW-D-005","5","Nicholson","Alice",,"Foley","00/00/1894","00/00/1964",,
1800,"NW-D-005","6","Nicholson","Robert","Edwin",,"00/00/1892","00/00/1981",,
1801,"NW-D-005","7",,,,,,,,
1802,"NW-D-005","8",,,,,,,,
1803,"NW-D-006","1",,,,,,,,
1804,"NW-D-006","2",,,,,,,,
1805,"NW-D-006","3",,,,,,,,
1806,"NW-D-006","4",,,,,,,,
1807,"NW-D-006","5","Carr/Pickerrell","Katherine",,"Dickey","09/26/1879","05/08/1965",,
1808,"NW-D-006","6",,,,,,,,
1809,"NW-D-006","7","Spencer","Elizabeth","Dickey","Pickerrell","04/07/1935","11/28/2019",,
1810,"NW-D-006","8","Spencer","Bobby","Coyett",,"08/19/1932","06/01/1991",,
1811,"NW-D-007","1",,,,,,,,
1812,"NW-D-007","2",,,,,,,,
1813,"NW-D-007","3",,,,,,,,
1814,"NW-D-007","4","Beskie","William","Lucas",,"09/08/1938","10/08/2008",,
1815,"NW-D-007","5","Worsley","Newsom","A.",,"10/28/1926","04/12/1977",,
1816,"NW-D-007","6",,,,,,,,
1817,"NW-D-007","7","Pickerrell","Leola",,"Coleman","09/05/1910","10/15/2007",,
1818,"NW-D-007","8","Pickerrell","Charles","Dickey",,"11/24/1908","05/18/1997",,
1819,"NW-D-008","1",,,,,,,,
1820,"NW-D-008","2",,,,,,,,
1821,"NW-D-008","3",,,,,,,,
1822,"NW-D-008","4",,,,,,,,
1823,"NW-D-008","5",,,,,,,,
1824,"NW-D-008","6","Woodside","Horace","Wesley",,"06/27/1904","10/21/1965",,
1825,"NW-D-008","7","Woodside","Lela","Inez","Holden","06/03/1912",,,
1826,"NW-D-008","8",,,,,,,,
1827,"NW-D-009","1",,,,,,,,
1828,"NW-D-009","2",,,,,,,,
1829,"NW-D-009","3",,,,,,,,
1830,"NW-D-009","4",,,,,,,,
1831,"NW-D-009","5",,,,,,,,
1832,"NW-D-009","6","Evans","William","Louis",,"05/07/1912","04/10/1997",,
1833,"NW-D-009","7","Evans","Mildred",,"Clay","12/06/1912","12/15/1965",,
1834,"NW-D-009","8",,,,,,,,
1835,"NW-D-010","1",,,,,,,,
1836,"NW-D-010","2",,,,,,,,
1837,"NW-D-010","3",,,,,,,,
1838,"NW-D-010","4","Fuzzell","Mary","Eva",,"08/16/1893","01/26/1967",,
1839,"NW-D-010","5",,,,,,,,
1840,"NW-D-010","6",,,,,,,,
1841,"NW-D-010","7",,,,,,,,
1842,"NW-D-010","8",,,,,,,,
1843,"NW-D-011","1",,,,,,,,
1844,"NW-D-011","2","Leonard","Lennox","B.",,"00/00/1886","00/00/1958",,
1845,"NW-D-011","3","Leonard","Wincie","L.",,"00/00/1891","00/00/1961",,
1846,"NW-D-011","4",,,,,,,,
1847,"NW-D-011","5",,,,,,,,
1848,"NW-D-011","6",,,,,,,,
1849,"NW-D-011","7",,,,,,,,
1850,"NW-D-011","8",,,,,,,,
1851,"NW-D-012","1",,,,,,,,
1852,"NW-D-012","2",,,,,,,,
1853,"NW-D-012","3",,,,,,,,
1854,"NW-D-012","4",,,,,,,,
1855,"NW-D-012","5",,,,,,,,
1856,"NW-D-012","6",,,,,,,,
1857,"NW-D-012","7",,,,,,,,
1858,"NW-D-012","8",,,,,,,,
1859,"NW-D-013","1","Clemmons","Maybelle",,"Reynolds","03/30/1919","08/26/1996",,
1860,"NW-D-013","2","Clemmons","Daniel","Russell",,"11/01/1920","08/18/1972",,
1861,"NW-D-013","3","Clemmons","Eliza","Alice",,"06/04/1899","06/08/1951",,
1862,"NW-D-013","4",,,,,,,,
1863,"NW-D-013","5",,,,,,,,
1864,"NW-D-013","6",,,,,,,,
1865,"NW-D-013","7",,,,,,,,
1866,"NW-D-013","8",,,,,,,,
1867,"NW-D-014","1","O'Nesl","Stanley","Alexander",,"08/01/1971","04/03/2019",,
1868,"NW-D-014","2","O'Neal","Joseph","Cratie",,"04/06/1948","01/08/2005",,
1869,"NW-D-014","3","O'Neal","Mary","Elizabeth","Arnold","02/03/1921","07/17/2012",,
1870,"NW-D-014","4","O'Neal","Capt. Stanley",,,"04/23/1910","01/04/1990",,
1871,"NW-D-014","5","O'Neal","David","Edward",,"08/07/1941","08/10/2021",,
1872,"NW-D-014","6",,,,,,,,
1873,"NW-D-014","7","Arnold","Capt. Lemuel","Cratie",,"10/26/1883","02/05/1967",,
1874,"NW-D-014","8","Arnold","Sarah","M.",,"04/25/1897","10/08/1969",,
1875,"NW-D-015","1",,,,,,,,
1876,"NW-D-015","2","Bennett","Mary","J.",,"10/13/1908","09/17/1992",,
1877,"NW-D-015","3","Bennett","Samuel","J.",,"04/29/1905","12/26/1956",,
1878,"NW-D-015","4",,,,,,,,
1879,"NW-D-015","5",,,,,,,,
1880,"NW-D-015","6",,,,,,,,
1881,"NW-D-015","7",,,,,,,,
1882,"NW-D-015","8",,,,,,,,
1883,"NW-D-016","1",,,,,,,,
1884,"NW-D-016","2",,,,,,,,
1885,"NW-D-016","3",,,,,,,,
1886,"NW-D-016","4",,,,,,,,
1887,"NW-D-016","5",,,,,,,,
1888,"NW-D-016","6",,,,,,,,
1889,"NW-D-016","7",,,,,,,,
1890,"NW-D-016","8",,,,,,,,
1891,"NW-D-017","1",,,,,,,,
1892,"NW-D-017","2",,,,,,,,
1893,"NW-D-017","3",,,,,,,,
1894,"NW-D-017","4",,,,,,,,
1895,"NW-D-017","5",,,,,,,,
1896,"NW-D-017","6",,,,,,,,
1897,"NW-D-017","7",,,,,,,,
1898,"NW-D-017","8",,,,,,,,
1899,"NW-D-018","1","Gazebo",,,,,,,
1900,"NW-D-018","2","Gazebo",,,,,,,
1901,"NW-D-018","3","Gazebo",,,,,,,
1902,"NW-D-018","4","Gazebo",,,,,,,
1903,"NW-D-018","5","Gazebo",,,,,,,
1904,"NW-D-018","6","Gazebo",,,,,,,
1905,"NW-D-018","7","Gazebo",,,,,,,
1906,"NW-D-018","8","Gazebo",,,,,,,
1907,"NW-D-019","1",,,,,,,,
1908,"NW-D-019","2",,,,,,,,
1909,"NW-D-019","3",,,,,,,,
1910,"NW-D-019","4",,,,,,,,
1911,"NW-D-019","5",,,,,,,,
1912,"NW-D-019","6",,,,,,,,
1913,"NW-D-019","7",,,,,,,,
1914,"NW-D-019","8",,,,,,,,
1915,"NW-D-020","1","Bragaw","Margaret",,,"00/00/1946","00/00/1950",,
1916,"NW-D-020","2","Bragaw","Loulie",,,"00/00/1945","00/00/1950",,
1917,"NW-D-020","3","Bragaw","Louise",,"Niernsee","00/00/1920","00/00/1950",,
1918,"NW-D-020","4","Bragaw","William",,,"00/00/1923","00/00/1950",,
1919,"NW-D-020","5",,,,,,,,
1920,"NW-D-020","6",,,,,,,,
1921,"NW-D-020","7",,,,,,,,
1922,"NW-D-020","8",,,,,,,,
1923,"NW-D-021","1","Watts","Samuel","W.",,"11/18/1872","05/28/1939",,
1924,"NW-D-021","2","Watts","Tallie",,"Tharp","05/28/1879","07/16/1940",,
1925,"NW-D-021","3",,,,,,,,
1926,"NW-D-021","4",,,,,,,,
1927,"NW-D-021","5",,,,,,,,
1928,"NW-D-021","6",,,,,,,,
1929,"NW-D-021","7",,,,,,,,
1930,"NW-D-021","8",,,,,,,,
1931,"NW-D-022","1","Barnhill,","J.","M.",,"00/00/1913","00/00/1958","Jr.",
1932,"NW-D-022","2","Barnhill,","J.","M.",,"03/12/1884","08/06/1948","Sr.",
1933,"NW-D-022","3","Barnhill","Harriet","E.","Meadows","08/15/1886","07/07/1939",,
1934,"NW-D-022","4",,,,,,,,
1935,"NW-D-022","5","Gore,.","Ernest","F.",,"10/06/1942","09/23/1950"," Jr",
1936,"NW-D-022","6","Barnhill","Albertson",,,"06/14/1914","09/02/1914",,
1937,"NW-D-022","7",,,,,,,,
1938,"NW-D-022","8",,,,,,,,
1939,"NW-D-023","1",,,,,,,,
1940,"NW-D-023","2",,,,,,,,
1941,"NW-D-023","3",,,,,,,,
1942,"NW-D-023","4","McKeithan,","Elton",,,"06/21/1940","10/10/1940"," Jr.",
1943,"NW-D-023","5",,,,,,,,
1944,"NW-D-023","6","McKeithan/McLamb","Mary","Loraine","Jenrette","10/18/1919","04/24/2013",,
1945,"NW-D-023","7","McKeithan","Early","Elton",,"11/12/1907","04/23/1987",,
1946,"NW-D-023","8",,,,,,,,
1947,"NW-D-024","1",,,,,,,,
1948,"NW-D-024","2",,,,,,,,
1949,"NW-D-024","3",,,,,,,,
1950,"NW-D-024","4",,,,,,,,
1951,"NW-D-024","5",,,,,,,,
1952,"NW-D-024","6","Ganey,","John","Dalley",,"08/20/1911","06/07/1968","Sr.",
1953,"NW-D-024","7","Ganey","Lena","Bell",,"08/24/1916","08/18/1997",,
1954,"NW-D-024","8","Ganey","William","Derek",,"08/23/1945","01/10/1946",,
1955,"NW-D-025","1",,,,,,,,
1956,"NW-D-025","2",,,,,,,,
1957,"NW-D-025","3",,,,,,,,
1958,"NW-D-025","4",,,,,,,,
1959,"NW-D-025","5","Carr,","Thomas","Beals",,"08/08/1900","07/16/1952","Jr.",
1960,"NW-D-025","6",,,,,,,,
1961,"NW-D-025","7","Carr","Georgia",,"Wade","04/04/1904","01/12/1962",,
1962,"NW-D-025","8",,,,,,,,
1963,"NW-D-026","1",,,,,,,,
1964,"NW-D-026","2",,,,,,,,
1965,"NW-D-026","3",,,,,,,,
1966,"NW-D-026","4",,,,,,,,
1967,"NW-D-026","5","Carr","James","E.",,"05/02/1894","12/16/1952",,
1968,"NW-D-026","6",,,,,,,,
1969,"NW-D-026","7",,,,,,,,
1970,"NW-D-026","8",,,,,,,,
1971,"NW-D-027","1",,,,,,,,
1972,"NW-D-027","2",,,,,,,,
1973,"NW-D-027","3",,,,,,,,
1974,"NW-D-027","4",,,,,,,,
1975,"NW-D-027","5","Swan","Doris",,"O'Daniel","06/09/1930","11/25/2015",,
1976,"NW-D-027","6","Swan","Charles","Henry",,"07/05/1902","11/24/1973",,
1977,"NW-D-027","7","Swan","Ella",,"Lee","01/21/1904","06/04/1969",,
1978,"NW-D-027","8",,,,,,,,
1979,"NW-D-028","1",,,,,,,,
1980,"NW-D-028","2","Royal","Marie",,"Swan","11/19/1925","11/19/2008",,
1981,"NW-D-028","3","Royal","Clarence","Edward",,"11/21/1930","07/12/1983",,
1982,"NW-D-028","4",,,,,,,,
1983,"NW-D-028","5",,,,,,,,
1984,"NW-D-028","6",,,,,,,,
1985,"NW-D-028","7",,,,,,,,
1986,"NW-D-028","8",,,,,,,,
1987,"NW-D-029","1",,,,,,,,
1988,"NW-D-029","2",,,,,,,,
1989,"NW-D-029","3",,,,,,,,
1990,"NW-D-029","4",,,,,,,,
1991,"NW-D-029","5",,,,,,,,
1992,"NW-D-029","6","Larsen","Thomas","L.",,"04/25/1875","01/03/1963",,
1993,"NW-D-029","7","Larsen","Karen","Erika",,"01/21/1874","01/02/1971",,
1994,"NW-D-029","8",,,,,,,,
1995,"NW-D-030","1",,,,,,,,
1996,"NW-D-030","2",,,,,,,,
1997,"NW-D-030","3",,,,,,,,
1998,"NW-D-030","4",,,,,,,,
1999,"NW-D-030","5","St. George","John","D",,"03/19/1923",,,
2000,"NW-D-030","6","St. George","Iris","Faye","Morrison","06/16/1928","03/09/2007",,
2001,"NW-D-030","7","St. George","Edward","F.",,"09/02/1882","01/21/1948",,
2002,"NW-D-030","8","St. George","Laura",,"Larsen","03/09/1899","08/29/1990",,
2003,"NW-D-031","1","Williamson","Curtis","Jere",,"01/08/1935","07/13/1978",,
2004,"NW-D-031","2","Williamson","Lucille","S.",,"01/09/1899","05/30/1991",,
2005,"NW-D-031","3","Williamson","C.","J.",,"00/00/1895","00/00/1947",,
2006,"NW-D-031","4",,,,,,,,
2007,"NW-D-031","5",,,,,,,,
2008,"NW-D-031","6",,,,,,,,
2009,"NW-D-031","7",,,,,,,,
2010,"NW-D-031","8",,,,,,,,
2011,"NW-D-032","1",,,,,,,,
2012,"NW-D-032","2",,,,,,,,
2013,"NW-D-032","3",,,,,,,,
2014,"NW-D-032","4",,,,,,,,
2015,"NW-D-032","5",,,,,,,,
2016,"NW-D-032","6","Smith","Lou",,"Holladay","12/17/1892","06/04/1968",,
2017,"NW-D-032","7","Smith","J.","Fred",,"02/11/1886","03/12/1945",,
2018,"NW-D-032","8",,,,,,,,
2019,"NW-D-033","1","Livingston","Susie","Mae","Potter","11/01/1894","01/02/1945",,
2020,"NW-D-033","2","Livingston","Hubert","A.",,"06/05/1905","10/20/1972",,
2021,"NW-D-033","3",,,,,,,,
2022,"NW-D-033","4",,,,,,,,
2023,"NW-D-033","5",,,,,,,,
2024,"NW-D-033","6",,,,,,,,
2025,"NW-D-033","7",,,,,,,,
2026,"NW-D-033","8",,,,,,,,
2027,"NW-D-034","1",,,,,,,,
2028,"NW-D-034","2",,,,,,,,
2029,"NW-D-034","3",,,,,,,,
2030,"NW-D-034","4",,,,,,,,
2031,"NW-D-034","5","Weeks","Virgie",,"Livingston","02/23/1908","05/13/1988",,
2032,"NW-D-034","6","Weeks","Arthur","Breasure",,"05/10/1902","08/12/1982",,
2033,"NW-D-034","7","Livingston","Columbus","Ross",,"10/15/1876","09/19/1962",,
2034,"NW-D-034","8","Livingston","Mollie","E.",,"08/29/1886","06/19/1940",,
2035,"NW-D-035","1",,,,,,,,
2036,"NW-D-035","2",,,,,,,,
2037,"NW-D-035","3",,,,,,,,
2038,"NW-D-035","4",,,,,,,,
2039,"NW-D-035","5",,,,,,,,
2040,"NW-D-035","6",,,,,,,,
2041,"NW-D-035","7",,,,,,,,
2042,"NW-D-035","8",,,,,,,,
2043,"NW-D-036","1","Brown","Henry","L.",,"02/24/1905","12/16/1954",,
2044,"NW-D-036","2","Brown","Mildred","C.",,"10/14/1907","11/05/1982",,
2045,"NW-D-036","3","Cannon","John","H.",,"06/22/1903","04/24/1942",,
2046,"NW-D-036","4",,,,,,,,
2047,"NW-D-036","5",,,,,,,,
2048,"NW-D-036","6",,,,,,,,
2049,"NW-D-036","7",,,,,,,,
2050,"NW-D-036","8",,,,,,,,
2051,"NW-D-037","1",,,,,,,,
2052,"NW-D-037","2",,,,,,,,
2053,"NW-D-037","3",,,,,,,,
2054,"NW-D-037","4",,,,,,,,
2055,"NW-D-037","5",,,,,,,,
2056,"NW-D-037","6",,,,,,,,
2057,"NW-D-037","7",,,,,,,,
2058,"NW-D-037","8",,,,,,,,
2059,"NW-D-038","1",,,,,,,,
2060,"NW-D-038","2",,,,,,,,
2061,"NW-D-038","3",,,,,,,,
2062,"NW-D-038","4",,,,,,,,
2063,"NW-D-038","5",,,,,,,,
2064,"NW-D-038","6",,,,,,,,
2065,"NW-D-038","7",,,,,,,,
2066,"NW-D-038","8",,,,,,,,
2067,"NW-D-039","1",,,,,,,,
2068,"NW-D-039","2","Garrett","Sallie","H.",,"01/27/1871","08/29/1954",,
2069,"NW-D-039","3","Garrett","John","J.",,"03/28/1866","01/25/1936",,
2070,"NW-D-039","4","Garrett","Imogen",,,"09/13/1906","07/24/1985",,
2071,"NW-D-039","5",,,,,,,,
2072,"NW-D-039","6",,,,,,,,
2073,"NW-D-039","7",,,,,,,,
2074,"NW-D-039","8",,,,,,,,
2075,"NW-D-040","1",,,,,,,,
2076,"NW-D-040","2",,,,,,,,
2077,"NW-D-040","3",,,,,,,,
2078,"NW-D-040","4",,,,,,,,
2079,"NW-D-040","5",,,,,,,,
2080,"NW-D-040","6","Peterson","A.","E.",,"00/00/1850","00/00/1938",,
2081,"NW-D-040","7",,,,,,,,
2082,"NW-D-040","8",,,,,,,,
2083,"NW-D-041","1",,,,,,,,
2084,"NW-D-041","2",,,,,,,,
2085,"NW-D-041","3",,,,,,,,
2086,"NW-D-041","4",,,,,,,,
2087,"NW-D-041","5",,,,,,,,
2088,"NW-D-041","6","Jones","William","Samuel",,"00/00/1874","00/00/1952",,
2089,"NW-D-041","7","Jones","Sophie","H.",,"00/00/1886","00/00/1972",,
2090,"NW-D-041","8",,,,,,,,
2091,"NW-D-042","1",,,,,,,,
2092,"NW-D-042","2",,,,,,,,
2093,"NW-D-042","3",,,,,,,,
2094,"NW-D-042","4",,,,,,,,
2095,"NW-D-042","5","Rogers","Bonnie",,"Simmons","08/07/1947",,,
2096,"NW-D-042","6","Rogers","Albert","Bertram","""Tebo""","10/22/1940","10/15/1995",,
2097,"NW-D-042","7","Jones","William","Thomas",,"00/00/1913","00/00/1945",,
2098,"NW-D-042","8",,,,,,,,
2099,"NW-D-043","1",,,,,,,,
2100,"NW-D-043","2",,,,,,,,
2101,"NW-D-043","3",,,,,,,,
2102,"NW-D-043","4",,,,,,,,
2103,"NW-D-043","5",,,,,,,,
2104,"NW-D-043","6","Lewis","Laura",,"Roberts","07/16/1878","04/17/1956",,
2105,"NW-D-043","7","Lewis","Thomas","K.",,"03/09/1871","01/27/1948",,
2106,"NW-D-043","8",,,,,,,,
2107,"NW-D-044","1",,,,,,,,
2108,"NW-D-044","2","Lewis","Gladys",,"Galloway","11/15/117","04/09/1994",,
2109,"NW-D-044","3","Lewis","Anson",,,"04/30/1920","11/01/1991",,
2110,"NW-D-044","4",,,,,,,,
2111,"NW-D-044","5",,,,,,,,
2112,"NW-D-044","6","Finch","James","Edgar",,"09/26/1896","09/24/1972",,
2113,"NW-D-044","7","Finch","Blanch",,"Lewis","06/07/1912","06/25/1998",,
2114,"NW-D-044","8","Roberts","Ella",,,"02/26/1883","08/05/1969",,
2115,"NW-D-045","1",,,,,,,,
2116,"NW-D-045","2",,,,,,,,
2117,"NW-D-045","3",,,,,,,,
2118,"NW-D-045","4",,,,,,,,
2119,"NW-D-045","5","Hornstein","Ossian","Mark","""Ian""","01/04/1942","11/02/1989",,
2120,"NW-D-045","6","Lewis","Evelyn",,"Hickman","01/23/1917","08/25/1955",,
2121,"NW-D-045","7","Lewis","Joseph",,,"01/01/1907","06/25/1985",,
2122,"NW-D-045","8","Lewis","Peggy","Jean","Epstein","10/31/1918","09/22/2010",,
2123,"NW-D-046","1",,,,,,,,
2124,"NW-D-046","2",,,,,,,,
2125,"NW-D-046","3",,,,,,,,
2126,"NW-D-046","4",,,,,,,,
2127,"NW-D-046","5","Jones","Lunda",,"Frink","10/09/1888","12/22/1986",,
2128,"NW-D-046","6","Jones","Douglas","Johnson",,"09/22/1927","03/02/1983",,
2129,"NW-D-046","7","Jones","Walter","F.L.",,"12/10/1893","12/16/1948",,
2130,"NW-D-046","8","Bogie","Dorothy",,"Jones","08/12/1920","03/23/1972",,
2131,"NW-D-047","1",,,,,,,,
2132,"NW-D-047","2",,,,,,,,
2133,"NW-D-047","3",,,,,,,,
2134,"NW-D-047","4",,,,,,,,
2135,"NW-D-047","5","Bogie","Albert",,,"10/28/1914","06/12/1981",,
2136,"NW-D-047","6","Deitz","Douglas","Diane",,"08/07/1942","08/22/2012",,
2137,"NW-D-047","7","Deitz,","William","Franklin",,"10/06/1936","10/31/2009","Sr.",
2138,"NW-D-047","8",,,,,,,,
2139,"NW-D-048","1",,,,,,,,
2140,"NW-D-048","2",,,,,,,,
2141,"NW-D-048","3",,,,,,,,
2142,"NW-D-048","4",,,,,,,,
2143,"NW-D-048","5",,,,,,,,
2144,"NW-D-048","6","Dye","Earl","E.",,"00/00/1904","00/00/1992",,
2145,"NW-D-048","7","Dye","Lucille",,,"00/00/1910","00/00/1995",,
2146,"NW-D-048","8",,,,,,,,
2147,"NW-D-049","1",,,,,,,,
2148,"NW-D-049","2",,,,,,,,
2149,"NW-D-049","3",,,,,,,,
2150,"NW-D-049","4",,,,,,,,
2151,"NW-D-049","5","Sellers","Thomas","Weston",,"04/16/1914","03/17/1985",,
2152,"NW-D-049","6","Sellers","Archie","Wilbur",,"05/12/1886","07/11/1941",,
2153,"NW-D-049","7","Sellers","Frances","Elizabeth",,"11/14/1883","03/25/1960",,
2154,"NW-D-049","8","Sellers","Archie","Clifton",,"07/02/1923","05/03/1977",,
2155,"NW-D-050","1",,,,,,,,
2156,"NW-D-050","2",,,,,,,,
2157,"NW-D-050","3",,,,,,,,
2158,"NW-D-050","4",,,,,,,,
2159,"NW-D-050","5","Davis","William","S.",,"02/26/1894","11/04/1966",,
2160,"NW-D-050","6","Davis","Enla",,"Carr","07/25/1896","08/07/1972",,
2161,"NW-D-050","7",,,,,,,,
2162,"NW-D-050","8",,,,,,,,
2163,"NW-D-051","1",,,,,,,,
2164,"NW-D-051","2",,,,,,,,
2165,"NW-D-051","3",,,,,,,,
2166,"NW-D-051","4",,,,,,,,
2167,"NW-D-051","5",,,,,,,,
2168,"NW-D-051","6","Messick","Annie",,"Carr","06/17/1902","10/01/1971",,
2169,"NW-D-051","7","Messick","Paul",,,"03/16/1896","08/15/1945",,
2170,"NW-D-051","8",,,,,,,,
2171,"NW-D-052","1",,,,,,,,
2172,"NW-D-052","2","Arthur","David","E.",,"07/16/1876","05/13/1943",,
2173,"NW-D-052","3","Arthur","Hettie",,"Fulcher","02/07/1886","12/14/1965",,
2174,"NW-D-052","4",,,,,,,,
2175,"NW-D-052","5",,,,,,,,
2176,"NW-D-052","6",,,,,,,,
2177,"NW-D-052","7",,,,,,,,
2178,"NW-D-052","8",,,,,,,,
2179,"NW-D-053","1",,,,,,,,
2180,"NW-D-053","2","Loughlin","Norma","B.",,"02/26/1895","09/01/1961",,
2181,"NW-D-053","3","Loughlin","Joseph","J.",,"07/28/1892","03/23/1963",,
2182,"NW-D-053","4",,,,,,,,
2183,"NW-D-053","5",,,,,,,,
2184,"NW-D-053","6",,,,,,,,
2185,"NW-D-053","7",,,,,,,,
2186,"NW-D-053","8",,,,,,,,
2187,"NW-D-054","1",,,,,,,,
2188,"NW-D-054","2","Brinkman","Frances","P.",,"04/22/1871","06/24/1949",,
2189,"NW-D-054","3","Brinkman","Samuel","L.",,"10/23/1866","03/06/1945",,
2190,"NW-D-054","4","Brinkman","W.","Marsden",,"01/19/1898","01/04/1982",,
2191,"NW-D-054","5",,,,,,,,
2192,"NW-D-054","6",,,,,,,,
2193,"NW-D-054","7",,,,,,,,
2194,"NW-D-054","8",,,,,,,,
2195,"NW-D-055","1",,,,,,,,
2196,"NW-D-055","2",,,,,,,,
2197,"NW-D-055","3",,,,,,,,
2198,"NW-D-055","4",,,,,,,,
2199,"NW-D-055","5",,,,,,,,
2200,"NW-D-055","6",,,,,,,,
2201,"NW-D-055","7",,,,,,,,
2202,"NW-D-055","8",,,,,,,,
2203,"NW-D-056","1",,,,,,,,
2204,"NW-D-056","2","Horne","Jean",,"Truby","08/19/1926","06/15/1979",,
2205,"NW-D-056","3","Horne","William","Pierce",,"12/19/1923","03/26/1981",,
2206,"NW-D-056","4",,,,,,,,
2207,"NW-D-056","5",,,,,,,,
2208,"NW-D-056","6",,,,,,,,
2209,"NW-D-056","7",,,,,,,,
2210,"NW-D-056","8",,,,,,,,
2211,"NW-D-057","1","Gazebo",,,,,,,
2212,"NW-D-057","2","Gazebo",,,,,,,
2213,"NW-D-057","3","Gazebo",,,,,,,
2214,"NW-D-057","4","Gazebo",,,,,,,
2215,"NW-D-057","5","Gazebo",,,,,,,
2216,"NW-D-057","6","Gazebo",,,,,,,
2217,"NW-D-057","7","Gazebo",,,,,,,
2218,"NW-D-057","8","Gazebo",,,,,,,
2219,"NW-D-058","1","Harrelson","Arthur","Danvis",,"06/07/1933","10/16/1953",,
2220,"NW-D-058","2","Harrelson","Frances","Elizabeth","Loughlin","01/31/1914","03/04/1999",,
2221,"NW-D-058","3","Harrelson,","Arthur","Danvis",,"02/01/1910","06/24/2005","Sr.",
2222,"NW-D-058","4",,,,,,,,
2223,"NW-D-058","5",,,,,,,,
2224,"NW-D-058","6",,,,,,,,
2225,"NW-D-058","7",,,,,,,,
2226,"NW-D-058","8",,,,,,,,
2227,"NW-D-059","1",,,,,,,,
2228,"NW-D-059","2",,,,,,,,
2229,"NW-D-059","3",,,,,,,,
2230,"NW-D-059","4",,,,,,,,
2231,"NW-D-059","5",,,,,,,,
2232,"NW-D-059","6",,,,,,,,
2233,"NW-D-059","7",,,,,,,,
2234,"NW-D-059","8",,,,,,,,
2235,"NW-D-060","1","Davis","Mary",,"Lupton","08/02/1934","03/15/1955",,
2236,"NW-D-060","2",,,,,,,,
2237,"NW-D-060","3","Cannady","Mae",,"Clemmons","06/14/1914",,,
2238,"NW-D-060","4",,,,,,,,
2239,"NW-D-060","5",,,,,,,,
2240,"NW-D-060","6",,,,,,,,
2241,"NW-D-060","7",,,,,,,,
2242,"NW-D-060","8",,,,,,,,
2243,"NW-D-061","1","Lupton","Connie",,"Herbert","01/28/1905","06/17/1991",,
2244,"NW-D-061","2",,,,,,,,
2245,"NW-D-061","3",,,,,,,,
2246,"NW-D-061","4",,,,,,,,
2247,"NW-D-061","5","Miles","Roy","Ellis",,"08/06/1933","11/01/2006",,
2248,"NW-D-061","6","Miles","Martha",,"Inez","06/11/1941","10/02/1997",,
2249,"NW-D-061","7",,,,,,,,
2250,"NW-D-061","8","Lupton",,,,,,,
2251,"NW-D-062","1","Hayes","Madeline",,"Krieger","00/00/1878","00/00/1955",,
2252,"NW-D-062","2",,,,,,,,
2253,"NW-D-062","3","Hayes","Edwin","P.",,"00/00/1884","00/00/1959",,
2254,"NW-D-062","4",,,,,,,,
2255,"NW-D-062","5",,,,,,,,
2256,"NW-D-062","6",,,,,,,,
2257,"NW-D-062","7",,,,,,,,
2258,"NW-D-062","8",,,,,,,,
2259,"NW-D-063","1",,,,,,,,
2260,"NW-D-063","2",,,,,,,,
2261,"NW-D-063","3",,,,,,,,
2262,"NW-D-063","4",,,,,,,,
2263,"NW-D-063","5",,,,,,,,
2264,"NW-D-063","6","Hayes","Ethel","F.",,"09/03/1904","07/06/1985",,
2265,"NW-D-063","7","Hayes","William","M.",,"03/04/1900","05/20/1967",,
2266,"NW-D-063","8",,,,,,,,
2267,"NW-D-064","1",,,,,,,,
2268,"NW-D-064","2",,,,,,,,
2269,"NW-D-064","3",,,,,,,,
2270,"NW-D-064","4",,,,,,,,
2271,"NW-D-064","5",,,,,,,,
2272,"NW-D-064","6","Huntley","Arthur","E.",,"10/10/1905","05/02/1995",,
2273,"NW-D-064","7",,,,,,,,
2274,"NW-D-064","8",,,,,,,,
2275,"NW-D-065","1",,,,,,,,
2276,"NW-D-065","2",,,,,,,,
2277,"NW-D-065","3",,,,,,,,
2278,"NW-D-065","4",,,,,,,,
2279,"NW-D-065","5",,,,,,,,
2280,"NW-D-065","6","Shirey","Alex","M.",,"00/00/1896","00/00/1957",,
2281,"NW-D-065","7",,,,,,,,
2282,"NW-D-065","8",,,,,,,,
2283,"NW-D-066","1",,,,,,,,
2284,"NW-D-066","2",,,,,,,,
2285,"NW-D-066","3",,,,,,,,
2286,"NW-D-066","4",,,,,,,,
2287,"NW-D-066","5","Hewett","Susie",,"Best","12/23/1887","12/12/1977",,
2288,"NW-D-066","6",,,,,,,,
2289,"NW-D-066","7","Ward","Nelle","S.",,"03/06/1924","12/06/1986",,
2290,"NW-D-066","8","Ward","William","Suggs",,"01/16/1923","10/29/2001",,
2291,"NW-D-067","1",,,,,,,,
2292,"NW-D-067","2",,,,,,,,
2293,"NW-D-067","3",,,,,,,,
2294,"NW-D-067","4",,,,,,,,
2295,"NW-D-067","5","Norment","Ina",,"Winfree","03/04/1889","04/12/1974",,
2296,"NW-D-067","6","Norment","Mary","Lee",,"05/05/1916","10/23/2007",,
2297,"NW-D-067","7","Marlowe","Patricia","Ellen",,"12/13/1937","08/11/2013",,
2298,"NW-D-067","8",,,,,,,,
2299,"NW-D-068","1","Dutton","Evelyn",,"Odom","08/29/1914","03/20/2008",,
2300,"NW-D-068","2","Dutton","Rolly","A.",,"00/00/1911","00/00/1975",,
2301,"NW-D-068","3",,,,,,,,
2302,"NW-D-068","4",,,,,,,,
2303,"NW-D-068","5",,,,,,,,
2304,"NW-D-068","6",,,,,,,,
2305,"NW-D-068","7",,,,,,,,
2306,"NW-D-068","8",,,,,,,,
2307,"NW-D-069","1",,,,,,,,
2308,"NW-D-069","2","McCullen","James","W.",,"04/21/1944","05/29/1971",,
2309,"NW-D-069","3",,,,,,,,
2310,"NW-D-069","4",,,,,,,,
2311,"NW-D-069","5","Galloway","Herbert",,,"00/00/1922","00/00/1960",,
2312,"NW-D-069","6",,,,,,,,
2313,"NW-D-069","7",,,,,,,,
2314,"NW-D-069","8",,,,,,,,
2315,"NW-D-070","1",,,,,,,,
2316,"NW-D-070","2",,,,,,,,
2317,"NW-D-070","3",,,,,,,,
2318,"NW-D-070","4",,,,,,,,
2319,"NW-D-070","5","Bryant","Calvin","S.",,"11/11/1924","06/22/1971",,
2320,"NW-D-070","6","Rourk","Crawford","L.",,"06/19/1895","05/06/1978",,
2321,"NW-D-070","7","Rourk","Golda","B.",,"10/09/1904","10/25/1970",,
2322,"NW-D-070","8",,,,,,,,
2323,"NW-D-071","1",,,,,,,,
2324,"NW-D-071","2",,,,,,,,
2325,"NW-D-071","3",,,,,,,,
2326,"NW-D-071","4",,,,,,,,
2327,"NW-D-071","5",,,,,,,,
2328,"NW-D-071","6","Lehew","Harry","G.",,"00/00/1895","00/00/1961",,
2329,"NW-D-071","7","Lehew","Mary","V.",,"00/00/1897","00/00/1990",,
2330,"NW-D-071","8",,,,,,,,
2331,"NW-D-072","1",,,,,,,,
2332,"NW-D-072","2",,,,,,,,
2333,"NW-D-072","3",,,,,,,,
2334,"NW-D-072","4",,,,,,,,
2335,"NW-D-072","5",,,,,,,,
2336,"NW-D-072","6","Rice","Laura","H.","Bussells","00/00/1889","00/00/1958",,
2337,"NW-D-072","7","Rice","Victor","Arthur",,"00/01/890","00/00/1964",,
2338,"NW-D-072","8","Rice","Mildred","A.","Weeks","00/00/1887","00/00/1980",,
2339,"NW-D-073","1",,,,,,,,
2340,"NW-D-073","2",,,,,,,,
2341,"NW-D-073","3","Case","Zipporah","Jones",,"00/00/1904","00/00/1994",,
2342,"NW-D-073","4",,,,,,,,
2343,"NW-D-073","5",,,,,,,,
2344,"NW-D-073","6","Powers","Thedore","Bernard",,"04/28/1919","01/22/2015",,
2345,"NW-D-073","7","Powers","Mary","Virginia",,"06/31/1924","02/23/1966",,
2346,"NW-D-073","8",,,,,,,,
2347,"NW-D-074","1",,,,,,,,
2348,"NW-D-074","2",,,,,,,,
2349,"NW-D-074","3",,,,,,,,
2350,"NW-D-074","4",,,,,,,,
2351,"NW-D-074","5",,,,,,,,
2352,"NW-D-074","6","Bennett","Zack","L.",,"08/04/1919","04/16/1971",,
2353,"NW-D-074","7","Bennett","Dorothy",,"Lindsey","11/12/1922","02/13/2011",,
2354,"NW-D-074","8",,,,,,,,
2355,"NW-E-001","1","Miller","Jeffery","Fredrick",,"02/18/1957","05/14/2010",,
2356,"NW-E-001","2","Miller","John","Michael",,"10/16/1950","01/01/979",,
2357,"NW-E-001","3","Miller","James","Carl",,"12/14/1927","03/19/1971",,
2358,"NW-E-001","4","Miller","Audry",,"Jousiffe","12/13/1933","06/17/2013",,
2359,"NW-E-001","5",,,,,,,,
2360,"NW-E-001","6",,,,,,,,
2361,"NW-E-001","7",,,,,,,,
2362,"NW-E-001","8",,,,,,,,
2363,"NW-E-002","1","Feke","James","Joseph",,"09/08/1938","02/06/1989",,
2364,"NW-E-002","2","Hart","Eunice","C.",,"02/71/935","10/03/1996",,
2365,"NW-E-002","3",,,,,,,,
2366,"NW-E-002","4",,,,,,,,
2367,"NW-E-002","5",,,,,,,,
2368,"NW-E-002","6",,,,,,,,
2369,"NW-E-002","7",,,,,,,,
2370,"NW-E-002","8",,,,,,,,
2371,"NW-E-003","1",,,,,,,,
2372,"NW-E-003","2",,,,,,,,
2373,"NW-E-003","3",,,,,,,,
2374,"NW-E-003","4",,,,,,,,
2375,"NW-E-003","5",,,,,,,,
2376,"NW-E-003","6",,,,,,,,
2377,"NW-E-003","7",,,,,,,,
2378,"NW-E-003","8",,,,,,,,
2379,"NW-E-004","1",,,,,,,,
2380,"NW-E-004","2","Wolfe","Gladys",,"Williams","05/08/1917","03/23/2000",,
2381,"NW-E-004","3","Wolfe","James","Marshall",,"07/16/1917","05/03/1993",,
2382,"NW-E-004","4",,,,,,,,
2383,"NW-E-004","5",,,,,,,,
2384,"NW-E-004","6",,,,,,,,
2385,"NW-E-004","7",,,,,,,,
2386,"NW-E-004","8",,,,,,,,
2387,"NW-E-005","1","Wolfe","Gladys",,"Williams","05/08/1917",,,
2388,"NW-E-005","2",,,,,,,,
2389,"NW-E-005","3",,,,,,,,
2390,"NW-E-005","4","Wolfe,","James","L.",,"02/07/1941","10/07/1969","Sr.",
2391,"NW-E-005","5",,,,,,,,
2392,"NW-E-005","6",,,,,,,,
2393,"NW-E-005","7",,,,,,,,
2394,"NW-E-005","8",,,,,,,,
2395,"NW-E-006","1",,,,,,,,
2396,"NW-E-006","2",,,,,,,,
2397,"NW-E-006","3","Hood","Margarett",,"Swan","07/16/1900","12/20/1996",,
2398,"NW-E-006","4","Hood","Murley","Maine",,"03/29/1904","02/18/1987",,
2399,"NW-E-006","5",,,,,,,,
2400,"NW-E-006","6",,,,,,,,
2401,"NW-E-006","7",,,,,,,,
2402,"NW-E-006","8",,,,,,,,
2403,"NW-E-007","1",,,,,,,,
2404,"NW-E-007","2",,,,,,,,
2405,"NW-E-007","3","Hood","Mary",,"McKinley","03/02/1899","03/18/1969",,
2406,"NW-E-007","4","Hood,","James","R.",,"07/12/1897","10/04/1975","Sr.",
2407,"NW-E-007","5",,,,,,,,
2408,"NW-E-007","6",,,,,,,,
2409,"NW-E-007","7",,,,,,,,
2410,"NW-E-007","8",,,,,,,,
2411,"NW-E-008","1",,,,,,,,
2412,"NW-E-008","2",,,,,,,,
2413,"NW-E-008","3",,,,,,,,
2414,"NW-E-008","4",,,,,,,,
2415,"NW-E-008","5",,,,,,,,
2416,"NW-E-008","6","Torrance","Benjamin","C.",,"06/06/1891","06/24/1974",,
2417,"NW-E-008","7","Torrance","Edith","V.",,"07/22/1895","06/22/1970",,
2418,"NW-E-008","8",,,,,,,,
2419,"NW-E-009","1",,,,,,,,
2420,"NW-E-009","2","Singletary","William","Not Marked",,,"00/00/1980",,
2421,"NW-E-009","3","Singletary","Iniss","Temp Marker","Baker","01/14/1935","06/18/1999",,
2422,"NW-E-009","4",,,,,,,,
2423,"NW-E-009","5","Singletary","Earnest","Not Marked",,,,,
2424,"NW-E-009","6","Singletary","Lester","Not Marked",,,,,
2425,"NW-E-009","7","Wethington","Gladys",,"Floyd","00/00/1901","00/00/1964",,
2426,"NW-E-009","8",,,,,,,,
2427,"NW-E-010","1",,,,,,,,
2428,"NW-E-010","2",,,,,,,,
2429,"NW-E-010","3","Brown / Williamson","Ana / David","Mae Randolph","03/09/1951-11/12/2005","05/01/1930","10/16/2010",,
2430,"NW-E-010","4",,,,,,,,
2431,"NW-E-010","5","Williamson","Billy","C.",,"09/10/1952","10/17/1960",,
2432,"NW-E-010","6",,,,,,,,
2433,"NW-E-010","7","Simmons","Cornelia",,"Autry","09/29/1896","11/10/1961",,
2434,"NW-E-010","8","Simmons","Alexander","L.","""Capt. Sandy""","01/08/1892","05/18/1962",,
2435,"NW-E-011","1",,,,,,,,
2436,"NW-E-011","2",,,,,,,,
2437,"NW-E-011","3",,,,,,,,
2438,"NW-E-011","4",,,,,,,,
2439,"NW-E-011","5","Stidham","Capt.","Jake",,"04/01/1923","08/01/1987",,
2440,"NW-E-011","6","Stidham","Annie","L.",,"02/14/1926","02/02/1970",,
2441,"NW-E-011","7",,,,,,,,
2442,"NW-E-011","8","Stidham","Donald","A.",,"07/08/1951","10/17/1960",,
2443,"NW-E-012","1",,,,,,,,
2444,"NW-E-012","2",,,,,,,,
2445,"NW-E-012","3",,,,,,,,
2446,"NW-E-012","4",,,,,,,,
2447,"NW-E-012","5",,,,,,,,
2448,"NW-E-012","6",,,,,,,,
2449,"NW-E-012","7",,,,,,,,
2450,"NW-E-012","8",,,,,,,,
2451,"NW-E-013","1",,,,,,,,
2452,"NW-E-013","2",,,,,,,,
2453,"NW-E-013","3",,,,,,,,
2454,"NW-E-013","4",,,,,,,,
2455,"NW-E-013","5","Tomlinson","Eugene","Bertram",,"10/19/1924","02/23/2013","Jr.",
2456,"NW-E-013","6","Tomlinson","Leigh",,"Wallace","10/27/1930","08/29/2006",,
2457,"NW-E-013","7",,,,,,,,
2458,"NW-E-013","8",,,,,,,,
2459,"NW-E-014","1",,,,,,,,
2460,"NW-E-014","2",,,,,,,,
2461,"NW-E-014","3",,,,,,,,
2462,"NW-E-014","4",,,,,,,,
2463,"NW-E-014","5","Davis","James","Michael",,"11/21/1957","21/20/1958",,
2464,"NW-E-014","6",,,,,,,,
2465,"NW-E-014","7",,,,,,,,
2466,"NW-E-014","8",,,,,,,,
2467,"NW-E-015","1",,,,,,,,
2468,"NW-E-015","2",,,,,,,,
2469,"NW-E-015","3",,,,,,,,
2470,"NW-E-015","4",,,,,,,,
2471,"NW-E-015","5","Troll","Andrew","Bernard",,"04/12/1928",,,
2472,"NW-E-015","6","Troll","Bernice",,"Phelps","10/13/1933","06/22/1984",,
2473,"NW-E-015","7","Troll","Frank","Lane",,"10/24/1961","10/24/1961",,
2474,"NW-E-015","8",,,,,,,,
2475,"NW-E-016","1",,,,,,,,
2476,"NW-E-016","2",,,,,,,,
2477,"NW-E-016","3",,,,,,,,
2478,"NW-E-016","4",,,,,,,,
2479,"NW-E-016","5","Phelps","Ralph","L.",,"07/11/1901","05/06/1966",,
2480,"NW-E-016","6","Phelps","Ida","B.",,"09/13/1906","03/13/1955",,
2481,"NW-E-016","7",,,,,,,,
2482,"NW-E-016","8","Phelps","Ralph","Elwin",,"06/23/1927","12/20/1977",,
2483,"NW-E-017","1",,,,,,,,
2484,"NW-E-017","2","Willis","Vera",,"Swain","01/07/1917","04/12/1995",,
2485,"NW-E-017","3","Willis","Orville",,,"03/31/1919","03/27/1985",,
2486,"NW-E-017","4",,,,,,,,
2487,"NW-E-017","5","Swain","Clyde","Fields",,"08/27/1919","07/02/1978",,
2488,"NW-E-017","6","Swain","John","P.",,"02/26/1907","10/29/1953",,
2489,"NW-E-017","7",,,,,,,,
2490,"NW-E-017","8","Swain","Dorothy",,,"01/07/1912","12/31/1970",,
2491,"NW-E-018","1",,,,,,,,
2492,"NW-E-018","2",,,,,,,,
2493,"NW-E-018","3",,,,,,,,
2494,"NW-E-018","4",,,,,,,,
2495,"NW-E-018","5","Barnett","Argie","M.",,"00/00/1906","00/00/1953",,
2496,"NW-E-018","6",,,,,,,,
2497,"NW-E-018","7",,,,,,,,
2498,"NW-E-018","8",,,,,,,,
2499,"NW-E-019","1",,,,,,,,
2500,"NW-E-019","2",,,,,,,,
2501,"NW-E-019","3",,,,,,,,
2502,"NW-E-019","4",,,,,,,,
2503,"NW-E-019","5",,,,,,,,
2504,"NW-E-019","6",,,,,,,,
2505,"NW-E-019","7",,,,,,,,
2506,"NW-E-019","8",,,,,,,,
2507,"NW-E-020","1",,,,,,,,
2508,"NW-E-020","2",,,,,,,,
2509,"NW-E-020","3",,,,,,,,
2510,"NW-E-020","4",,,,,,,,
2511,"NW-E-020","5",,,,,,,,
2512,"NW-E-020","6","Frink","Jesse","D.",,"01/19/1901","03/29/1949",,
2513,"NW-E-020","7","Frink","Malcolm","S.",,"05/21/1979","02/11/1979",,
2514,"NW-E-020","8",,,,,,,,
2515,"NW-E-021","1","Hon","William","Harris",,"09/02/1928","03/01/2008",,
2516,"NW-E-021","2","Hon","Katherine",,"Pope","01/15/1928","04/23/1989",,
2517,"NW-E-021","3",,,,,,,,
2518,"NW-E-021","4",,,,,,,,
2519,"NW-E-021","5","Hon","Cecil","Ray",,"11/20/1904","05/07/1988",,
2520,"NW-E-021","6","Hon","Roberta","Sloan","Porter","12/19/1906","03/05/1998",,
2521,"NW-E-021","7",,,,,,,,
2522,"NW-E-021","8",,,,,,,,
2523,"NW-E-022","1",,,,,,,,
2524,"NW-E-022","2",,,,,,,,
2525,"NW-E-022","3",,,,,,,,
2526,"NW-E-022","4",,,,,,,,
2527,"NW-E-022","5","Joyce","Martha","L.",,"00/00/0000","12/15/1988",,
2528,"NW-E-022","6","Joyce","Eugene","W.",,"00/00/0000","09/04/1978",,
2529,"NW-E-022","7","Thomas","Bernard","Lee",,"09/08/1913","02/07/1994",,
2530,"NW-E-022","8","Thomas","Nell",,"Logan","08/17/1912","01/27/2010",,
2531,"NW-E-023","1",,,,,"02/07/1902","12/15/1958",,
2532,"NW-E-023","2",,,,,,,,
2533,"NW-E-023","3",,,,,,,,
2534,"NW-E-023","4",,,,,,,,
2535,"NW-E-023","5","McKeithan","Joseph","W.",,"10/21/1904","01/25/1945",,
2536,"NW-E-023","6","Clunk","Shirley","Anne","McKeithan","10/30/1935","05/22/2017",,
2537,"NW-E-023","7","Clunk","Joseph","Richard",,"09/29/1955","10/11/2013",,
2538,"NW-E-023","8","Canady","William","H.","J",,,,
2539,"NW-E-024","1",,,,,,,,
2540,"NW-E-024","2",,,,,,,,
2541,"NW-E-024","3",,,,,,,,
2542,"NW-E-024","4",,,,,,,,
2543,"NW-E-024","5",,,,,,,,
2544,"NW-E-024","6",,,,,,,,
2545,"NW-E-024","7",,,,,,,,
2546,"NW-E-024","8","McKeithan","Bertha","L.",,"10/25/1900","09/30/1973",,
2547,"NW-E-025","1","Cashwell","Carolyn",,"Kilpatrick","02/01/1919","05/08/1980",,
2548,"NW-E-025","2","Cashwell","Austin","Lee",,"12/19/1917","01/04/2003",,
2549,"NW-E-025","3",,,,,,,,
2550,"NW-E-025","4",,,,,,,,
2551,"NW-E-025","5","Adams","Sallie","B.",,"02/13/1861","06/09/1944",,
2552,"NW-E-025","6",,,,,,,,
2553,"NW-E-025","7","Kilpatrick","Carrie","O.",,"06/06/1893","07/24/1982",,
2554,"NW-E-025","8","Kilpatrick","Grady","C.",,"07/09/1891","12/19/1996",,
2555,"NW-E-026","1",,,,,,,,
2556,"NW-E-026","2",,,,,,,,
2557,"NW-E-026","3",,,,,,,,
2558,"NW-E-026","4",,,,,,,,
2559,"NW-E-026","5",,,,,,,,
2560,"NW-E-026","6","Hardee","Lewis","J.",,"04/06/1910","12/04/1996",,
2561,"NW-E-026","7","Hardee","Dorothy",,"Dosher","11/18/1915","12/28/2008",,
2562,"NW-E-026","8",,,,,,,,
2563,"NW-E-027","1","Dosher","Harry","Lee",,"06/16/1886","11/26/1943",,
2564,"NW-E-027","2","Dosher","Alta","L.","Wescott","08/15/1886","01/01/1963",,
2565,"NW-E-027","3","Dosher","Paul","Wescott",,"09/21/1922","06/08/1957",,
2566,"NW-E-027","4","Dosher","Denise","Michelle",,"04/23/1956","04/24/1956",,
2567,"NW-E-027","5",,,,,,,,
2568,"NW-E-027","6",,,,,,,,
2569,"NW-E-027","7",,,,,,,,
2570,"NW-E-027","8",,,,,,,,
2571,"NW-E-028","1",,,,,,,,
2572,"NW-E-028","2",,,,,,,,
2573,"NW-E-028","3","Dozier","Edwin","W.",,"06/03/1907","04/13/1956",,
2574,"NW-E-028","4","Dozier,","Edwin","W.",,"00/00/1936","00/00/1948","Jr.",
2575,"NW-E-028","5",,,,,,,,
2576,"NW-E-028","6",,,,,,,,
2577,"NW-E-028","7",,,,,,,,
2578,"NW-E-028","8",,,,,,,,
2579,"NW-E-029","1",,,,,,,,
2580,"NW-E-029","2",,,,,,,,
2581,"NW-E-029","3",,,,,,,,
2582,"NW-E-029","4",,,,,,,,
2583,"NW-E-029","5",,,,,,,,
2584,"NW-E-029","6","Dosher","Frances",,"Dewey","08/06/1898","11/08/1941",,
2585,"NW-E-029","7","Dosher","Captain Arthur","J.",,"08/15/1898","01/28/1973",,
2586,"NW-E-029","8","Dosher","Florence","W.","Farley","08/19/1902","07/15/1989",,
2587,"NW-E-030","1",,,,,,,,
2588,"NW-E-030","2",,,,,,,,
2589,"NW-E-030","3",,,,,,,,
2590,"NW-E-030","4",,,,,,,,
2591,"NW-E-030","5",,,,,,,,
2592,"NW-E-030","6",,,,,,,,
2593,"NW-E-030","7","Peadrick","Thomas","G.",,"00/00/1889","00/00/1964",,
2594,"NW-E-030","8","Peadrick","Mary","F.",,"00/00/1890","00/00/1972",,
2595,"NW-E-031","1","Ivey","Margaret","Nathlee","Peadrick","08/26/1915","03/29/2009",,
2596,"NW-E-031","2","Ivey,","John","Robert",,"12/20/1916","09/03/1995","Sr.",
2597,"NW-E-031","3",,,,,,,,
2598,"NW-E-031","4","Bristol","James","Robert",,"12/26/1957","03/26/2015",,
2599,"NW-E-031","5","Ivey","Infant","Twins",,"12/24/1941","12/24/1941",,
2600,"NW-E-031","6","Ivey","Jacquelin","Dean",,"01/18/1938","09/29/1941",,
2601,"NW-E-031","7","Ivey,","John","Robert",,"12/20/1916","09/03/1995","Sr",
2602,"NW-E-031","8","Ivey","Margaret","P.",,"08/26/1915",,,
2603,"NW-E-032","1",,,,,,,,
2604,"NW-E-032","2","Walker","Ruth","E.",,"09/22/1885","01/07/1960",,
2605,"NW-E-032","3","Walker","William","Henry",,"03/27/1879","08/28/1940",,
2606,"NW-E-032","4",,,,,,,,
2607,"NW-E-032","5",,,,,,,,
2608,"NW-E-032","6",,,,,,,,
2609,"NW-E-032","7",,,,,,,,
2610,"NW-E-032","8",,,,,,,,
2611,"NW-E-033","1",,,,,,,,
2612,"NW-E-033","2",,,,,,,,
2613,"NW-E-033","3",,,,,,,,
2614,"NW-E-033","4",,,,,,,,
2615,"NW-E-033","5",,,,,,,,
2616,"NW-E-033","6","Swain","Estelle","Ella","Furr","07/10/1911","08/25/2009",,
2617,"NW-E-033","7","Swain","LeRoy",,,"12/01/1912","10/28/2001",,
2618,"NW-E-033","8","Swain,","LeRoy",,,"06/22/1939","06/23/1939","Jr.",
2619,"NW-E-034","1",,,,,,,,
2620,"NW-E-034","2",,,,,,,,
2621,"NW-E-034","3",,,,,,,,
2622,"NW-E-034","4",,,,,,,,
2623,"NW-E-034","5",,,,,,,,
2624,"NW-E-034","6",,,,,,,,
2625,"NW-E-034","7",,,,,,,,
2626,"NW-E-034","8",,,,,,,,
2627,"NW-E-035","1",,,,,,,,
2628,"NW-E-035","2","Aldridge","Harry","B.",,"00/00/1887","00/00/1946",,
2629,"NW-E-035","3","Aldridge","Mary","E.",,"00/00/1885","00/00/1970",,
2630,"NW-E-035","4",,,,,,,,
2631,"NW-E-035","5",,,,,,,,
2632,"NW-E-035","6",,,,,,,,
2633,"NW-E-035","7",,,,,,,,
2634,"NW-E-035","8",,,,,,,,
2635,"NW-E-036","1",,,,,,,,
2636,"NW-E-036","2",,,,,,,,
2637,"NW-E-036","3",,,,,,,,
2638,"NW-E-036","4",,,,,,,,
2639,"NW-E-036","5",,,,,,,,
2640,"NW-E-036","6","McDowell","William",,,"03/08/1906","01/14/1987",,
2641,"NW-E-036","7","McDowell","Norma",,"Jones","05/15/1910","01/01/1993",,
2642,"NW-E-036","8",,,,,,,,
2643,"NW-E-037","1","Not For Sale","Part of Street","Location ofShrubbery",,,,,
2644,"NW-E-037","2","Not For Sale","Part of Street","Location ofShrubbery",,,,,
2645,"NW-E-037","3","Not For Sale","Part of Street","Location ofShrubbery",,,,,
2646,"NW-E-037","4","Not For Sale","Part of Street","Location ofShrubbery",,,,,
2647,"NW-E-037","5","Not For Sale","Part of Street","Location ofShrubbery",,,,,
2648,"NW-E-037","6","Not For Sale","Part of Street","Location ofShrubbery",,,,,
2649,"NW-E-037","7","Not For Sale","Part of Street","Location ofShrubbery",,,,,
2650,"NW-E-037","8","Not For Sale","Part of Street","Location ofShrubbery",,,,,
2651,"NW-E-038","1","Not For Sale","Part of Street","Location ofShrubbery",,,,,
2652,"NW-E-038","2","Not For Sale","Part of Street","Location ofShrubbery",,,,,
2653,"NW-E-038","3","Not For Sale","Part of Street","Location ofShrubbery",,,,,
2654,"NW-E-038","4","Not For Sale","Part of Street","Location ofShrubbery",,,,,
2655,"NW-E-038","5","Not For Sale","Part of Street","Location ofShrubbery",,,,,
2656,"NW-E-038","6","Not For Sale","Part of Street","Location ofShrubbery",,,,,
2657,"NW-E-038","7","Not For Sale","Part of Street","Location ofShrubbery",,,,,
2658,"NW-E-038","8","Not For Sale","Part of Street","Location ofShrubbery",,,,,
2659,"NW-E-039","1",,,,,,,,
2660,"NW-E-039","2",,,,,,,,
2661,"NW-E-039","3",,,,,,,,
2662,"NW-E-039","4",,,,,,,,
2663,"NW-E-039","5",,,,,,,,
2664,"NW-E-039","6","Styron","William","Litchfield",,"03/09/1909","08/06/1973",,
2665,"NW-E-039","7","Styron","Hilda","Irma","Muller","06/16/1914","03/11/2003",,
2666,"NW-E-039","8",,,,,,,,
2667,"NW-E-040","1","Bowmer","Jean",,"Dixon","00/00/1932","00/00/2003",,
2668,"NW-E-040","2","Bowmer","Thomas","Smith",,"11/08/1931","01/22/2012",,
2669,"NW-E-040","3","Bowmer","Lettie","Amelia",,"08/07/1895","07/25/1941",,
2670,"NW-E-040","4","Hatch","Rebekah","Elizabeth",,"03/23/1995","00/00/1997",,
2671,"NW-E-040","5",,,,,,,,
2672,"NW-E-040","6","Bowmer","Henry","T.",,"00/00/1895","00/00/1973",,
2673,"NW-E-040","7","Bowmer","Lettie","Amelia",,"00/00/1895","00/00/1941",,
2674,"NW-E-040","8","Hatch","Warren","Arthur",,"02/06/1958","03/10/2016",,
2675,"NW-E-041","1",,,,,,,,
2676,"NW-E-041","2","Russ","Lula","S.",,"11/12/1879","03/29/1955",,
2677,"NW-E-041","3","Russ","James","H.",,"03/20/1873","01/09/1940",,
2678,"NW-E-041","4",,,,,,,,
2679,"NW-E-041","5",,,,,,,,
2680,"NW-E-041","6",,,,,,,,
2681,"NW-E-041","7",,,,,,,,
2682,"NW-E-041","8",,,,,,,,
2683,"NW-E-042","1","Dosher","Nellie","G.",,"12/01/1874","10/10/1962",,
2684,"NW-E-042","2","Dosher","George","Rufus",,"05/16/1910","07/08/1947",,
2685,"NW-E-042","3","Veazey","Sallie",,"Dosher","03/12/1900","11/29/2001",,
2686,"NW-E-042","4","Veazey","Sidney","H.",,"12/17/1895","10/06/1947",,
2687,"NW-E-042","5","Hunt","Harlow","G.",,"02/25/1912","05/26/1960",,
2688,"NW-E-042","6",,,,,,,,
2689,"NW-E-042","7",,,,,,,,
2690,"NW-E-042","8",,,,,,,,
2691,"NW-E-043","1","Dosher","John","Warren",,"03/15/1906","09/30/1939",,
2692,"NW-E-043","2",,,,,,,,
2693,"NW-E-043","3",,,,,,,,
2694,"NW-E-043","4","Dosher","William","E.",,"05/08/1871","12/23/1950",,
2695,"NW-E-043","5",,,,,,,,
2696,"NW-E-043","6",,,,,,,,
2697,"NW-E-043","7",,,,,,,,
2698,"NW-E-043","8",,,,,,,,
2699,"NW-E-044","1","Jones","Susan",,"LeClerc","06/14/1932","08/13/2005",,
2700,"NW-E-044","2","Jones","Robert","Arthur",,"11/29/1927","11/07/2019",,
2701,"NW-E-044","3","Jones","Grace",,"Dosher","00/00/1904","00/00/1957",,
2702,"NW-E-044","4","Jones","Robert","Lewis",,"00/00/1903","00/00/1996",,
2703,"NW-E-044","5","Dosher","Dr. J.","Arthur",,"00/00/1878","00/00/1939",,
2704,"NW-E-044","6","Dosher","Grace",,"Keyworth","00/00/1881","00/00/1948",,
2705,"NW-E-044","7",,,,,,,,
2706,"NW-E-044","8",,,,,,,,
2707,"NW-E-045","1",,,,,,,,
2708,"NW-E-045","2",,,,,,,,
2709,"NW-E-045","3","Dosher","Charles","Manning",,"03/09/1968","10/30/1988",,
2710,"NW-E-045","4","Dosher","Albert","Arthur",,"08/15/2010","10/02/2010","Sr.",
2711,"NW-E-045","5","Boera","Charles",,,"08/09/1904","07/24/1971",,
2712,"NW-E-045","6","Arnold","Hermine","Boera","Dosher","12/27/1891","09/07/1993",,
2713,"NW-E-045","7",,,,,,,,
2714,"NW-E-045","8","Dosher","Thomas","Hoyle",,"05/27/1881","04/28/1941",,
2715,"NW-E-046","1","Bussells","I.","Bonner",,"00/00/1885","00/00/1943",,
2716,"NW-E-046","2","Bussells","Mary",,"Dosher","00/00/1893","00/00/1972",,
2717,"NW-E-046","3","Herring","Lois","Jane","Bussells","07/12/1919","12/16/1991",,
2718,"NW-E-046","4","Herring","Davis","Carroll",,"06/27/1917","03/10/1988",,
2719,"NW-E-046","5",,,,,,,,
2720,"NW-E-046","6","Watkins","Mary","Allison","Herring","04/17/1968","03/31/2001",,
2721,"NW-E-046","7",,,,,,,,
2722,"NW-E-046","8",,,,,,,,
2723,"NW-E-047","1",,,,,,,,
2724,"NW-E-047","2",,,,,,,,
2725,"NW-E-047","3","Robinson","Lizzie","G.",,"09/03/1890","09/07/1973",,
2726,"NW-E-047","4","Robinson","George","D.",,"03/08/1885","06/09/1952",,
2727,"NW-E-047","5",,,,,,,,
2728,"NW-E-047","6",,,,,,,,
2729,"NW-E-047","7",,,,,,,,
2730,"NW-E-047","8",,,,,,,,
2731,"NW-E-048","1",,,,,,,,
2732,"NW-E-048","2",,,,,,,,
2733,"NW-E-048","3","Arnold","James","Anderson",,"01/25/1874","01/24/1959",,
2734,"NW-E-048","4","Arnold","Maggie",,,"08/29/1873","11/29/1943",,
2735,"NW-E-048","5",,,,,,,,
2736,"NW-E-048","6",,,,,,,,
2737,"NW-E-048","7",,,,,,,,
2738,"NW-E-048","8",,,,,,,,
2739,"NW-E-049","1",,,,,,,,
2740,"NW-E-049","2","Brooks","Inez",,"Stutts","07/19/1932","09/08/2010",,
2741,"NW-E-049","3","Brooks,","Jefferson","Davis",,"08/28/1926","02/12/2007","III",
2742,"NW-E-049","4",,,,,,,,
2743,"NW-E-049","5","Adams","Maggie","Etta","Galloway","03/10/1880","11/14/1967",,
2744,"NW-E-049","6","Lewis","Warden",,,"06/01/1896","10/08/1955",,
2745,"NW-E-049","7","Lewis","Civella","Adams","Brooks","02/23/1903","10/29/1987",,
2746,"NW-E-049","8",,,,,,,,
2747,"NW-E-050","1",,,,,,,,
2748,"NW-E-050","2",,,,,,,,
2749,"NW-E-050","3",,,,,,,,
2750,"NW-E-050","4",,,,,,,,
2751,"NW-E-050","5",,,,,,,,
2752,"NW-E-050","6","Adams","Rev. Junius","J.",,"05/26/1868","10/13/1942",,
2753,"NW-E-050","7",,,,,,,,
2754,"NW-E-050","8","Adams,","Junius","J.",,,"06/14/1941","Jr.",
2755,"NW-E-051","1",,,,,,,,
2756,"NW-E-051","2",,,,,,,,
2757,"NW-E-051","3",,,,,,,,
2758,"NW-E-051","4",,,,,,,,
2759,"NW-E-051","5",,,,,,,,
2760,"NW-E-051","6","Fulford","Hancy","Sellers",,"02/04/1902","05/31/1971",,
2761,"NW-E-051","7","Fulford","Fred","Lee",,"11/27/1903","09/09/1979",,
2762,"NW-E-051","8",,,,,,,,
2763,"NW-E-052","1",,,,,,,,
2764,"NW-E-052","2",,,,,,,,
2765,"NW-E-052","3",,,,,,,,
2766,"NW-E-052","4",,,,,,,,
2767,"NW-E-052","5",,,,,,,,
2768,"NW-E-052","6","James","Josie",,,"11/08/1914","12/23/1941",,
2769,"NW-E-052","7",,,,,,,,
2770,"NW-E-052","8",,,,,,,,
2771,"NW-E-053","1","Weeks","Emile","Mae",,,"07/15/1955",,
2772,"NW-E-053","2","Weeks","Ennis","E.",,"01/16/1908","01/01/1980",,
2773,"NW-E-053","3",,,,,,,,
2774,"NW-E-053","4",,,,,,,,
2775,"NW-E-053","5","Weeks,","Harry","F.",,"00/00/1918","00/00/1997","Jr.",
2776,"NW-E-053","6",,,,,,,,
2777,"NW-E-053","7","Weeks","Harry",,,"02/27/1883","12/29/1948",,
2778,"NW-E-053","8","Weeks","Blanche",,"Fulchere","08/12/1888","01/16/1978",,
2779,"NW-E-054","1",,,,,,,,
2780,"NW-E-054","2","Weeks","Annie",,"Russ","12/24/1903","05/09/1984",,
2781,"NW-E-054","3","Weeks","Edward","Rudolph",,"08/07/1897","04/19/1952",,
2782,"NW-E-054","4",,,,,,,,
2783,"NW-E-054","5",,,,,,,,
2784,"NW-E-054","6",,,,,,,,
2785,"NW-E-054","7",,,,,,,,
2786,"NW-E-054","8",,,,,,,,
2787,"NW-E-055","1","Bell","Edna","D.",,"10/31/1887","01/04/1964",,
2788,"NW-E-055","2","Kauffman","Dorothy","B.",,"11/05/1915","07/19/1963",,
2789,"NW-E-055","3","Davis","Clifford","Vernon",,"04/23/1899","11/28/1949",,
2790,"NW-E-055","4",,,,,,,,
2791,"NW-E-055","5",,,,,,,,
2792,"NW-E-055","6","Davis","Robert","Wilson",,"08/13/1861","03/26/1951",,
2793,"NW-E-055","7","Davis","Augusta","C.","Vernon","01/01/1866","10/19/1951",,
2794,"NW-E-055","8",,,,,,,,
2795,"NW-E-056","1","Sell","Mercedes",,,,,,
2796,"NW-E-056","2","Sell","Abdul","Harry",,"00/00/1912","00/00/1989",,
2797,"NW-E-056","3","Godfrey","Louise",,"Sell","00/00/1916","00/00/1995",,
2798,"NW-E-056","4",,,,,,,,
2799,"NW-E-056","5",,,,,,,,
2800,"NW-E-056","6",,,,,,,,
2801,"NW-E-056","7","Sell","A.","C.",,"00/00/1887","00/00/1951",,
2802,"NW-E-056","8","Sell","Sarah",,"Clontz","00/00/1888","00/00/1969",,
2803,"NW-E-057","1",,,,,,,,
2804,"NW-E-057","2",,,,,,,,
2805,"NW-E-057","3",,,,,,,,
2806,"NW-E-057","4",,,,,,,,
2807,"NW-E-057","5",,,,,,,,
2808,"NW-E-057","6",,,,,,,,
2809,"NW-E-057","7",,,,,,,,
2810,"NW-E-057","8",,,,,,,,
2811,"NW-E-058","1",,,,,,,,
2812,"NW-E-058","2",,,,,,,,
2813,"NW-E-058","3",,,,,,,,
2814,"NW-E-058","4","Fisher","George","Warren",,"09/17/1932","10/27/2002",,
2815,"NW-E-058","5",,,,,,,,
2816,"NW-E-058","6",,,,,,,,
2817,"NW-E-058","7","Fisher","Sherrell","Dee",,"01/10/1959","01/11/1959",,
2818,"NW-E-058","8","Fisher,","George","Warren",,"05/01/1957","05/02/1957","III",
2819,"NW-E-059","1",,,,,,,,
2820,"NW-E-059","2",,,,,,,,
2821,"NW-E-059","3","Ward","Velma","F.",,"07/13/1910","07/17/1964",,
2822,"NW-E-059","4","Ward","Worth","B.",,"05/12/1906","05/23/1985",,
2823,"NW-E-059","5",,"Sally",,,,,,
2824,"NW-E-059","6","Kirby","Sally",,"Ward","12/10/1943","01/04/2022",,"Wayne Marked"
2825,"NW-E-059","7","Kirby",,,,,,,
2826,"NW-E-059","8",,,,,,,,
2827,"NW-E-060","1",,,,,,,,
2828,"NW-E-060","2",,,,,,,,
2829,"NW-E-060","3",,,,,,,,
2830,"NW-E-060","4",,,,,,,,
2831,"NW-E-060","5","Dosher","Thomas","Hoyle",,"11/16/1926","02/04/2015",,
2832,"NW-E-060","6","Dosher","Linda","Elois",,"08/27/1959","01/05/2016",,
2833,"NW-E-060","7","Dosher","Betty",,"Monroe","06/23/1931",,,
2834,"NW-E-060","8",,,,,,,,
2835,"NW-E-061","1",,,,,,,,
2836,"NW-E-061","2",,,,,,,,
2837,"NW-E-061","3","Crisco","Jackson","David",,"07/13/1930","08/14/1986",,
2838,"NW-E-061","4",,,,,,,,
2839,"NW-E-061","5",,,,,,,,
2840,"NW-E-061","6","Pendergraph","Lee","Melvin",,"02/19/1909","12/17/1980",,
2841,"NW-E-061","7","Pendergraph","Nell","B.",,"07/21/1909","02/18/1972",,
2842,"NW-E-061","8",,,,,,,,
2843,"NW-E-062","1",,,,,,,,
2844,"NW-E-062","2",,,,,,,,
2845,"NW-E-062","3",,,,,,,,
2846,"NW-E-062","4",,,,,,,,
2847,"NW-E-062","5",,,,,,,,
2848,"NW-E-062","6","Potter","Franklin","L.",,"07/02/1916","10/16/1986",,
2849,"NW-E-062","7","Potter","Faye",,"Payne","11/05/1918","05/05/2004",,
2850,"NW-E-062","8",,,,,,,,
2851,"NW-E-063","1",,,,,,,,
2852,"NW-E-063","2",,,,,,,,
2853,"NW-E-063","3",,,,,,,,
2854,"NW-E-063","4",,,,,,,,
2855,"NW-E-063","5",,,,,,,,
2856,"NW-E-063","6",,,,,,,,
2857,"NW-E-063","7","Patti","Iris",,"Nell","07/10/1935","09/07/1972",,
2858,"NW-E-063","8","Patti,","Thedore","Frank",,"03/14/1954","01/04/1978"," Jr.",
2859,"NW-E-064","1",,,,,,,,
2860,"NW-E-064","2",,,,,,,,
2861,"NW-E-064","3",,,,,,,,
2862,"NW-E-064","4",,,,,,,,
2863,"NW-E-064","5",,,,,,,,
2864,"NW-E-064","6",,,,,,,,
2865,"NW-E-064","7","Maggard,","Robert","Donald",,"00/00/1949","00/00/1968","Sr.",
2866,"NW-E-064","8","Maggard","Robert","Donald",,"05/25/1963","11/07/2020","Jr.",
2867,"NW-E-065","1",,,,,,,,
2868,"NW-E-065","2",,,,,,,,
2869,"NW-E-065","3",,,,,,,,
2870,"NW-E-065","4",,,,,,,,
2871,"NW-E-065","5","Collins","Weston","Gibson",,"00/00/1880","00/00/1966",,
2872,"NW-E-065","6","Collins","Lenora","Elizabeth",,"02/22/1876","12/05/1939",,
2873,"NW-E-065","7",,,,,,,,
2874,"NW-E-065","8",,,,,,,,
2875,"NW-E-066","1",,,,,,,,
2876,"NW-E-066","2",,,,,,,,
2877,"NW-E-066","3",,,,,,,,
2878,"NW-E-066","4",,,,,,,,
2879,"NW-E-066","5",,,,,,,,
2880,"NW-E-066","6","Jenkins","William","Roger",,"12/24/1911","12/21/1982",,
2881,"NW-E-066","7","Jenkins","Elsie",,"Woodside","10/04/1908","06/17/1986",,
2882,"NW-E-066","8","Lewis","Wendy","Jo",,"10/03/1974","10/04/1974",,
2883,"NW-E-067","1",,,,,,,,
2884,"NW-E-067","2",,,,,,,,
2885,"NW-E-067","3",,,,,,,,
2886,"NW-E-067","4","Dunford","Nathan","Masil",,"10/13/1921","04/29/1969",,
2887,"NW-E-067","5",,,,,,,,
2888,"NW-E-067","6",,,,,,,,
2889,"NW-E-067","7",,,,,,,,
2890,"NW-E-067","8",,,,,,,,
2891,"NW-E-068","1",,,,,,,,
2892,"NW-E-068","2",,,,,,,,
2893,"NW-E-068","3",,,,,,,,
2894,"NW-E-068","4",,,,,,,,
2895,"NW-E-068","5","Powell","John","Clark",,"00/00/1905","00/00/1975",,
2896,"NW-E-068","6","Black","Elizabeth","B.",,"11/03/1899","01/14/1983",,
2897,"NW-E-068","7","Black",,"Clifton","L.","08/09/1899","05/27/1969",,
2898,"NW-E-068","8",,,,,,,,
2899,"NW-E-069","1",,,,,,,,
2900,"NW-E-069","2",,,,,,,,
2901,"NW-E-069","3",,,,,,,,
2902,"NW-E-069","4",,,,,,,,
2903,"NW-E-069","5",,,,,,,,
2904,"NW-E-069","6",,,,,,,,
2905,"NW-E-069","7",,,,,,,,
2906,"NW-E-069","8","Melton","James","Dewey",,"00/00/1917","00/00/1977",,
2907,"NW-E-070","1",,,,,,,,
2908,"NW-E-070","2",,,,,,,,
2909,"NW-E-070","3","Smith","Tressa",,"Griffith","03/03/1967","05/20/2009",,
2910,"NW-E-070","4",,,,,,,,
2911,"NW-E-070","5","Vaught","John","Samuel",,"10/13/1940","09/25/2013","III",
2912,"NW-E-070","6","Smith","Kimberly","Louise",,"03/10/1967","12/03/2005",,
2913,"NW-E-070","7","Nance","Evelyn","J.",,"09/08/1964","06/28/1971",,
2914,"NW-E-070","8","Hunter","Gary","E.",,"08/29/1960","12/26/1969",,
2915,"NW-E-071","1",,,,,,,,
2916,"NW-E-071","2",,,,,,,,
2917,"NW-E-071","3",,,,,,,,
2918,"NW-E-071","4",,,,,,,,
2919,"NW-E-071","5",,,,,,,,
2920,"NW-E-071","6",,,,,,,,
2921,"NW-E-071","7","Lewis","Robert","Lee",,"03/01/1954","11/16/2016",,
2922,"NW-E-071","8","Smith","Una","""Tootsie""","Potter","01/02/1936","01/07/2015",,
2923,"NW-E-072","1",,,,,,,,
2924,"NW-E-072","2",,,,,,,,
2925,"NW-E-072","3",,,,,,,,
2926,"NW-E-072","4",,,,,,,,
2927,"NW-E-072","5",,,,,,,,
2928,"NW-E-072","6",,,,,,,,
2929,"NW-E-072","7",,,,,,,,
2930,"NW-E-072","8",,,,,,,,
2931,"NW-E-073","1","Hart","Charlotte","""Mickey""","LeClerc","06/08/1933","10/05/2006",,
2932,"NW-E-073","2",,,,,,,,
2933,"NW-E-073","3",,,,,,,,
2934,"NW-E-073","4",,,,,,,,
2935,"NW-E-073","5",,,,,,,,
2936,"NW-E-073","6","Hart","Irene","V.",,"07/03/1911","12/10/1995",,
2937,"NW-E-073","7","Hart","Otho","B.",,"12/19/1907","02/06/1977",,
2938,"NW-E-073","8","Hart","Arthur B. &","Otho   B.04-25-35","D. 6-29-2011","07/08/1966","10/11/2008"," Jr",
2939,"NW-E-074","1","Davis","Dan","E.",,"00/00/1921","00/00/1973",,
2940,"NW-E-074","2","Davis","Arabella",,"Price","01/21/1928","08/26/2014",,
2941,"NW-E-074","3",,,,,,,,
2942,"NW-E-074","4",,,,,,,,
2943,"NW-E-074","5",,,,,,,,
2944,"NW-E-074","6",,,,,,,,
2945,"NW-E-074","7",,,,,,,,
2946,"NW-E-074","8","Davis","Terrence","Keith",,"00/00/1970","00/00/1971",,
2947,"NW-F-001","1",,,,,,,,
2948,"NW-F-001","2",,,,,,,,
2949,"NW-F-001","3",,,,,,,,
2950,"NW-F-001","4",,,,,,,,
2951,"NW-F-001","5","Williamson","Vanderville",,,"07/13/1906","07/07/1964",,
2952,"NW-F-001","6","Williamson","Kathleen",,,"04/27/1916",,,
2953,"NW-F-001","7",,,,,,,,
2954,"NW-F-001","8","Williamson","Terry","Jerome",,"06/08/1975","07/13/1988",,
2955,"NW-F-002","1",,,,,,,,
2956,"NW-F-002","2","Walker,","William","Henry",,"12/20/1913","11/07/1970","Jr.",
2957,"NW-F-002","3","Walker","Rosa","Lee","Anderson","11/11/1923","01/16/2005",,
2958,"NW-F-002","4","Walker","William","Henry",,"07/14/1952","06/14/2009"," III",
2959,"NW-F-002","5",,,,,,,,
2960,"NW-F-002","6",,,,,,,,
2961,"NW-F-002","7",,,,,,,,
2962,"NW-F-002","8",,,,,,,,
2963,"NW-F-003","1",,,,,,,,
2964,"NW-F-003","2",,,,,,,,
2965,"NW-F-003","3",,,,,,,,
2966,"NW-F-003","4",,,,,,,,
2967,"NW-F-003","5",,,,,,,,
2968,"NW-F-003","6",,,,,,,,
2969,"NW-F-003","7",,,,,,,,
2970,"NW-F-003","8",,,,,,,,
2971,"NW-F-004","1",,,,,,,,
2972,"NW-F-004","2","Fleming","Annie","Marie",,"08/04/1927","09/19/1982",,
2973,"NW-F-004","3","Hewett","Annie",,"Long","06/30/1899","08/26/1975",,
2974,"NW-F-004","4","Hewett","Robert","Randolph",,"05/16/1887","08/05/1967",,
2975,"NW-F-004","5","Mitchell","Christian",,"Ivedean","01/17/1924","10/23/2001",,
2976,"NW-F-004","6","Brown","Buddie",,,"00/00/1903","00/00/1993",,
2977,"NW-F-004","7","Brown","Emma","H",,"00/00/1925","00/00/1977",,
2978,"NW-F-004","8","Mitchell","Robert","Tracy",,"12/19/1945","11/02/2011","Sr.",
2979,"NW-F-005","1",,,,,,,,
2980,"NW-F-005","2",,,,,,,,
2981,"NW-F-005","3","Cooker","Steven","Frances",,"10/08/1940","05/17/2022",,
2982,"NW-F-005","4","Cooker","Timothy","James",,"08/01/1967","08/01/1967",,
2983,"NW-F-005","5",,,,,,,,
2984,"NW-F-005","6","Harrison","Virginia",,"Cooker","06/29/1933","12/18/1986",,
2985,"NW-F-005","7","Watts","Ruth",,"Varnum","08/16/1913","09/07/1995",,
2986,"NW-F-005","8","Cooker","Carl","Eugene",,"08/20/1931","03/04/1987",,
2987,"NW-F-006","1",,,,,,,,
2988,"NW-F-006","2","Worley","Jack","B.",,"04/01/1917","05/18/1976",,
2989,"NW-F-006","3","Worley","Margaret",,"Townsend","01/12/1919","04/23/1998",,
2990,"NW-F-006","4",,,,,,,,
2991,"NW-F-006","5",,,,,,,,
2992,"NW-F-006","6",,,,,,,,
2993,"NW-F-006","7",,,,,,,,
2994,"NW-F-006","8",,,,,,,,
2995,"NW-F-007","1",,,,,,,,
2996,"NW-F-007","2",,,,,,,,
2997,"NW-F-007","3",,,,,,,,
2998,"NW-F-007","4",,,,,,,,
2999,"NW-F-007","5",,,,,,,,
3000,"NW-F-007","6",,,,,,,,
3001,"NW-F-007","7",,,,,,,,
3002,"NW-F-007","8",,,,,,,,
3003,"NW-F-008","1",,,,,,,,
3004,"NW-F-008","2",,,,,,,,
3005,"NW-F-008","3",,,,,,,,
3006,"NW-F-008","4",,,,,,,,
3007,"NW-F-008","5",,,,,,,,
3008,"NW-F-008","6",,,,,,,,
3009,"NW-F-008","7",,,,,,,,
3010,"NW-F-008","8",,,,,,,,
3011,"NW-F-009","1",,,,,,,,
3012,"NW-F-009","2",,,,,,,,
3013,"NW-F-009","3",,,,,,,,
3014,"NW-F-009","4",,,,,,,,
3015,"NW-F-009","5",,,,,,,,
3016,"NW-F-009","6",,,,,,,,
3017,"NW-F-009","7",,,,,,,,
3018,"NW-F-009","8",,,,,,,,
3019,"NW-F-010","1",,,,,,,,
3020,"NW-F-010","2","Hall","Robert","W.",,"10/30/1893","12/21/1962",,
3021,"NW-F-010","3","Carr","Robert","C.",,"03/09/1917","07/06/1976",,
3022,"NW-F-010","4","Dastoli","Charles","A",,"05/25/1935","04/20/1983",,
3023,"NW-F-010","5",,,,,,,,
3024,"NW-F-010","6","Carr Jr.","Samuel","Crawford",,"06/05/1943","08/15/2021",,
3025,"NW-F-010","7","Carr","Samuel","Crawford",,"09/10/1912","12/08/1984",,
3026,"NW-F-010","8","Carr","Mattie",,"Turpin","03/13/1919","10/05/1995",,
3027,"NW-F-011","1","Gore","Earl",,,"02/06/1928","03/13/1978",,
3028,"NW-F-011","2",,,,,,,,
3029,"NW-F-011","3",,,,,,,,
3030,"NW-F-011","4",,,,,,,,
3031,"NW-F-011","5","Gore","Vondell",,,"07/01/1914","08/12/1961",,
3032,"NW-F-011","6","Gore","Raleigh","C.",,"08/25/1915","12/29/1963",,
3033,"NW-F-011","7",,,,,,,,
3034,"NW-F-011","8","Gore","Rudolph",,,"10/18/1911","03/23/1972",,
3035,"NW-F-012","1",,,,,,,,
3036,"NW-F-012","2",,,,,,,,
3037,"NW-F-012","3",,,,,,,,
3038,"NW-F-012","4",,,,,,,,
3039,"NW-F-012","5",,,,,,,,
3040,"NW-F-012","6",,,,,,,,
3041,"NW-F-012","7",,,,,,,,
3042,"NW-F-012","8",,,,,,,,
3043,"NW-F-013","1",,,,,,,,
3044,"NW-F-013","2",,,,,,,,
3045,"NW-F-013","3",,,,,,,,
3046,"NW-F-013","4",,,,,,,,
3047,"NW-F-013","5","Trott","Vida",,"Hood","07/05/1903","05/12/1960",,
3048,"NW-F-013","6",,,,,,,,
3049,"NW-F-013","7",,,,,,,,
3050,"NW-F-013","8",,,,,,,,
3051,"NW-F-014","1","Getert","Gertrude",,"Watts","11/04/1902","05/08/1987",,
3052,"NW-F-014","2","Salmons,","Jack",,,"11/02/1957","04/09/1996"," Jr.",
3053,"NW-F-014","3","Muhammad","Adam","Karami",,"03/10/1991","02/14/2014",,
3054,"NW-F-014","4","Muhammad","Aleyah",,,"01/09/1939","04/11/2022",,
3055,"NW-F-014","5","Brock","Annie","S.",,"00/00/1913","00/00/1975",,
3056,"NW-F-014","6",,,,,,,,
3057,"NW-F-014","7","Brock","Hills","D.",,"00/00/1898","00/00/1984",,
3058,"NW-F-014","8","Brock","Tommy","Lee",,"00/00/1949","00/00/1954",,
3059,"NW-F-015","1","Sellers","William","Rhydell",,"06/02/1923","01/28/2002",,
3060,"NW-F-015","2",,,,,,,,
3061,"NW-F-015","3",,,,,,,,
3062,"NW-F-015","4",,,,,,,,
3063,"NW-F-015","5","Sellers","Craven","Ledrew",,"08/07/1889","06/16/1960",,
3064,"NW-F-015","6","Sellers","Lelia","S.",,"03/16/1892","11/03/1972",,
3065,"NW-F-015","7","Fulwood","Bulah",,"Sellers","09/09/1908","08/10/1979",,
3066,"NW-F-015","8","Carson","Susie",,"Sellers","05/25/1920","09/01/2008",,
3067,"NW-F-016","1",,,,,,,,
3068,"NW-F-016","2",,,,,,,,
3069,"NW-F-016","3",,,,,,,,
3070,"NW-F-016","4","Dunn","Thelma","Vashti","Sellers","04/11/1922","12/02/2009",,
3071,"NW-F-016","5","Dunn","William","S.",,"06/19/1924","03/07/2009",,
3072,"NW-F-016","6",,,,,,,,
3073,"NW-F-016","7",,,,,,,,
3074,"NW-F-016","8",,,,,,,,
3075,"NW-F-017","1",,,,,,,,
3076,"NW-F-017","2",,,,,,,,
3077,"NW-F-017","3",,,,,,,,
3078,"NW-F-017","4",,,,,,,,
3079,"NW-F-017","5",,,,,,,,
3080,"NW-F-017","6",,,,,,,,
3081,"NW-F-017","7",,,,,,,,
3082,"NW-F-017","8","Sellers","William","Rhydell",,"06/02/1923","01/28/2002",,
3083,"NW-F-018","1","Johnson","Sarah","Lenore",,"04/03/1952","04/26/1952",,
3084,"NW-F-018","2","Johnson","Florrie","Ellen",,"03/12/1955","01/03/1956",,
3085,"NW-F-018","3",,,,,,,,
3086,"NW-F-018","4",,,,,,,,
3087,"NW-F-018","5",,,,,,,,
3088,"NW-F-018","6","Johnson","Herbert","Mizell",,"10/25/1908","06/12/1966",,
3089,"NW-F-018","7","Johnson","Florrie",,"Ratcliff","01/12/1913","12/10/1969",,
3090,"NW-F-018","8",,,,,,,,
3091,"NW-F-019","1","McRoy","James","Landon",,"04/13/1936","07/27/2013",,
3092,"NW-F-019","2",,,,,,,,
3093,"NW-F-019","3",,,,,,,,
3094,"NW-F-019","4","Hayes","Vollie",,,"12/31/1924","03/25/1961",,
3095,"NW-F-019","5",,,,,,,,
3096,"NW-F-019","6","McRoy","John","Edward",,"07/10/1888","02/06/1964",,
3097,"NW-F-019","7","McRoy","Rosa",,"Mathews","01/18/1903","12/24/1962",,
3098,"NW-F-019","8","McRoy","Judy",,,"06/00/1944","06/00/1944",,
3099,"NW-F-020","1",,,,,,,,
3100,"NW-F-020","2",,,,,,,,
3101,"NW-F-020","3",,,,,,,,
3102,"NW-F-020","4",,,,,,,,
3103,"NW-F-020","5",,,,,,,,
3104,"NW-F-020","6",,,,,,,,
3105,"NW-F-020","7",,,,,,,,
3106,"NW-F-020","8",,,,,,,,
3107,"NW-F-021","1",,,,,,,,
3108,"NW-F-021","2",,,,,,,,
3109,"NW-F-021","3","Dosher","Margaret",,"Faison","12/20/1904","12/07/1958",,
3110,"NW-F-021","4",,,,,,,,
3111,"NW-F-021","5",,,,,,,,
3112,"NW-F-021","6","Dosher","Eula",,,"11/17/1871","02/19/1963",,
3113,"NW-F-021","7",,,,,,,,
3114,"NW-F-021","8","Dosher","Fred","Guthrie",,"05/19/1875","04/02/1953",,
3115,"NW-F-022","1","Fales","Ella","S.",,"06/22/1889","09/16/1958",,
3116,"NW-F-022","2","Lutes","Betty",,"Fales","10/04/1920","09/02/1983",,
3117,"NW-F-022","3",,,,,,,,
3118,"NW-F-022","4",,,,,,,,
3119,"NW-F-022","5","Stanley","George","Godley",,"07/11/1904","02/23/1994",,
3120,"NW-F-022","6","Stanley","Nora",,"Milligan","07/04/1914","04/04/1995",,
3121,"NW-F-022","7","Stanley","George","E.",,"00/00/1867","00/00/1942",,
3122,"NW-F-022","8","Stanley","Sarah","V.",,"00/00/1873","00/00/1942",,
3123,"NW-F-023","1",,,,,,,,
3124,"NW-F-023","2",,,,,,,,
3125,"NW-F-023","3",,,,,,,,
3126,"NW-F-023","4",,,,,,,,
3127,"NW-F-023","5","Nicols",,,,"10/24/1905","01/07/1953",,
3128,"NW-F-023","6",,,,,,,,
3129,"NW-F-023","7",,,,,,,,
3130,"NW-F-023","8",,,,,,,,
3131,"NW-F-024","1",,,,,,,,
3132,"NW-F-024","2",,,,,,,,
3133,"NW-F-024","3",,,,,,,,
3134,"NW-F-024","4",,,,,,,,
3135,"NW-F-024","5",,,,,,,,
3136,"NW-F-024","6",,,,,,,,
3137,"NW-F-024","7",,,,,,,,
3138,"NW-F-024","8",,,,,,,,
3139,"NW-F-025","1",,,,,,,,
3140,"NW-F-025","2",,,,,,,,
3141,"NW-F-025","3",,,,,,,,
3142,"NW-F-025","4",,,,,,,,
3143,"NW-F-025","5","Earley","Sheila","Dawn",,"01/14/1950","01/15/1950",,
3144,"NW-F-025","6",,,,,,,,
3145,"NW-F-025","7",,,,,,,,
3146,"NW-F-025","8","Cox","David","Hinson",,"11/29/1947","02/14/1948",,
3147,"NW-F-026","1","Snipes","Jeannie",,"Kincaide","00/00/1938","00/00/1985",,
3148,"NW-F-026","2",,,,,,,,
3149,"NW-F-026","3",,,,,,,,
3150,"NW-F-026","4",,,,,,,,
3151,"NW-F-026","5","Kincaide","David","William",,"00/00/1940","00/00/1982",,
3152,"NW-F-026","6","Kincaide","Nadine",,"Luan","00/00/1936","00/00/1952",,
3153,"NW-F-026","7","Kincaide","Nona",,"Cassidy","00/00/1912","00/00/1981",,
3154,"NW-F-026","8","Kincaide","William","C.",,"07/08/1908","02/19/1984",,
3155,"NW-F-027","1","Fulwood","James","W.",,"01/20/1931","01/02/1952",,
3156,"NW-F-027","2",,,,,,,,
3157,"NW-F-027","3","Fulwood,","Thomas",,,"12/27/1928","04/26/1948"," Jr.",
3158,"NW-F-027","4",,,,,,,,
3159,"NW-F-027","5","Fulwood","David","Thomas",,"05/02/1902","02/07/1964",,
3160,"NW-F-027","6","Fullwood","Hazel",,"Trunnell","10/20/1902","01/13/1989",,
3161,"NW-F-027","7",,,,,,,,
3162,"NW-F-027","8",,,,,,,,
3163,"NW-F-028","1","Cooker","William","M.",,"12/08/1906","10/16/1984",,
3164,"NW-F-028","2","Johnson","Juanita",,"Cooker","07/30/1913","12/13/1993",,
3165,"NW-F-028","3","Johnson","Joseph","Allen",,"04/10/1926","04/07/1994",,
3166,"NW-F-028","4","George","Frances","Louise","Potter","03/30/1945","11/30/2010",,
3167,"NW-F-028","5","Cooker","Marshall","J.",,"06/09/1905","04/03/1948",,
3168,"NW-F-028","6",,,,,,,,
3169,"NW-F-028","7","Cooker","William","Elonza",,"08/07/1879","12/13/1954",,
3170,"NW-F-028","8","Cooker","Sabra",,"Johnson","03/06/1876","05/22/1962",,
3171,"NW-F-029","1","Joye","Bernice","Dare",,"06/11/1955","06/12/1955",,
3172,"NW-F-029","2","Joye","Roger","Landis",,"01/19/1957","01/19/1957",,
3173,"NW-F-029","3",,,,,,,,
3174,"NW-F-029","4",,,,,,,,
3175,"NW-F-029","5",,,,,,,,
3176,"NW-F-029","6",,,,,,,,
3177,"NW-F-029","7","Bowden","Newton","Whitw",,"06/05/1907","02/14/1951",,
3178,"NW-F-029","8",,,,,,,,
3179,"NW-F-030","1",,,,,,,,
3180,"NW-F-030","2",,,,,,,,
3181,"NW-F-030","3",,,,,,,,
3182,"NW-F-030","4",,,,,,,,
3183,"NW-F-030","5",,,,,,,,
3184,"NW-F-030","6","Hyatt","Infant",,,"00/00/1949","00/00/1949",,
3185,"NW-F-030","7",,,,,,,,
3186,"NW-F-030","8",,,,,,,,
3187,"NW-F-031","1",,,,,,,,
3188,"NW-F-031","2",,,,,,,,
3189,"NW-F-031","3",,,,,,,,
3190,"NW-F-031","4",,,,,,,,
3191,"NW-F-031","5",,,,,,,,
3192,"NW-F-031","6",,,,,,,,
3193,"NW-F-031","7",,,,,,,,
3194,"NW-F-031","8",,,,,,,,
3195,"NW-F-032","1",,,,,,,,
3196,"NW-F-032","2",,,,,,,,
3197,"NW-F-032","3",,,,,,,,
3198,"NW-F-032","4",,,,,,,,
3199,"NW-F-032","5",,,,,,,,
3200,"NW-F-032","6","Anderson","Hance",,,,,,
3201,"NW-F-032","7","Anderson","Mary",,,"05/25/1878","08/31/1950",,
3202,"NW-F-032","8","St. George","Infant",,,"06/23/1973","06/23/1973",,
3203,"NW-F-033","1",,,,,,,,
3204,"NW-F-033","2",,,,,,,,
3205,"NW-F-033","3","St. George","Tommy","Walker",,"07/11/1931","10/06/2006",,
3206,"NW-F-033","4",,,,,,,,
3207,"NW-F-033","5","St. George","Ada",,,"01/24/1933","08/17/1939",,
3208,"NW-F-033","6","St. George","James","W.",,"00/00/1900","00/00/1975",,
3209,"NW-F-033","7","St. George","Bertha","H.",,"00/00/1896","00/00/1959",,
3210,"NW-F-033","8","Lewis","Warren","F.",,"10/18/1919","06/20/1974",,
3211,"NW-F-034","1","Spencer","Carey","Wayne",,"06/23/1938","10/12/2019","Sr.",
3212,"NW-F-034","2",,,,,,,,
3213,"NW-F-034","3",,,,,,,,
3214,"NW-F-034","4",,,,,,,,
3215,"NW-F-034","5",,,,,,,,
3216,"NW-F-034","6","Easley","Josie","Ottaway","Styron","05/08/1887","11/05/1955",,
3217,"NW-F-034","7","Ashburn","Elsie","Doyle","Styron","05/31/1911","01/05/1949",,
3218,"NW-F-034","8",,,,,,,,
3219,"NW-F-035","1",,,,,,,,
3220,"NW-F-035","2",,,,,,,,
3221,"NW-F-035","3",,,,,,,,
3222,"NW-F-035","4",,,,,,,,
3223,"NW-F-035","5","Ottaway","William","T.",,"11/18/1902","05/08/1965",,
3224,"NW-F-035","6","Ottaway","Gertrude","E.",,"09/25/1902","04/05/2000",,
3225,"NW-F-035","7","Dosher","Sallie","Ann",,,,,
3226,"NW-F-035","8","Dosher","Joseph","J.",,,,,
3227,"NW-F-036","1","Helm","Tresa",,,"03/04/1877","08/22/1960",,
3228,"NW-F-036","2",,,,,,,,
3229,"NW-F-036","3",,,,,,,,
3230,"NW-F-036","4",,,,,,,,
3231,"NW-F-036","5",,,,,,,,
3232,"NW-F-036","6","Harrelson","Daniel","P.",,"12/21/1895","06/12/1962",,
3233,"NW-F-036","7","Tingzon","Catalino",,,,"03/12/1942",,
3234,"NW-F-036","8","Helm","Tresa","Myrtle",,"03/04/1877","08/22/1960",,
3235,"NW-F-037","1","Not For Sale",,"Location ofShrubbery",,,,,
3236,"NW-F-037","2","Not For Sale",,"Location ofShrubbery",,,,,
3237,"NW-F-037","3","Not For Sale",,"Location ofShrubbery",,,,,
3238,"NW-F-037","4","Not For Sale",,"Location ofShrubbery",,,,,
3239,"NW-F-037","5","Not For Sale",,"Location ofShrubbery",,,,,
3240,"NW-F-037","6","Not For Sale",,"Location ofShrubbery",,,,,
3241,"NW-F-037","7","Not For Sale",,"Location ofShrubbery",,,,,
3242,"NW-F-037","8","Not For Sale",,"Location ofShrubbery",,,,,
3243,"NW-G-001","1","Not For Sale",,"Location ofShrubbery",,,,,
3244,"NW-G-002","1","Not For Sale",,"Location ofShrubbery",,,,,
3245,"NW-G-003","1","Not For Sale",,"Location ofShrubbery",,,,,
3246,"NW-G-004","1","Not For Sale",,"Location ofShrubbery",,,,,
3247,"NW-G-005","1","Brunner","Donald","Louis",,"09/11/1925","04/28/2013",,
3248,"NW-G-006","1",,,,,,,,
3249,"NW-G-007","1","Barksdale","Betty","J.",,"03/19/1924","03/30/1991",,
3250,"NW-G-008","1","Barksdale","Melvin","R. ""Bud""",,"00/00/1927","00/00/1983",,
3251,"NW-G-009","1","Ledet",,,,,,,
3252,"NW-G-010","1","Cook","Evelyn",,"Empie","06/27/1915","12/16/1987",,
3253,"NW-G-011","1","Smith","James","Elmore",,"00/00/1919","00/00/1986",,
3254,"NW-G-012","1","Eaton","Foster","Burritt",,"10/08/1917","02/18/1984",,
3255,"NW-G-013","1","Stearns","Joseph","Langdon",,"06/17/1907","10/05/1981",,
3256,"NW-G-013","2","Stearns","Nell",,"Watts","01/17/1909","09/25/1997",,
3257,"NW-G-014","1","Herring","Ellis","T. ""Junior""",,"01/01/1944","07/23/1972",,
3258,"NW-G-014","2",,,,,,,,
3259,"NW-G-015","1","Prevatte","Elias","Jesse (Jimmy)",,"09/20/1911","02/02/2004",,
3260,"NW-G-015","2","Prevatte","Amaretta","Bannett","Bannett","09/01/1924","06/04/2020",,
3261,"NW-G-016","1","Dutcher","George","Van Wart",,"10/31/1899","07/11/1976",,
3262,"NW-G-016","2","Dutcher","Melissa",,"Pearce","01/30/1917","03/27/2000",,
3263,"NW-G-017","1","Webster","Cecil","Herbert",,"05/09/1907","04/05/1982",,
3264,"NW-G-017","2","Webster","Betsy",,"Greene","04/19/1912","06/07/1978",,
3265,"NW-G-017","3",,,,,,,,
3266,"NW-G-018","1",,,,,,,,
3267,"NW-G-018","2","Fraser","Esther","S.",,"11/05/1907","12/24/1983",,
3268,"NW-G-018","3","Fraser","James","R.",,"01/08/1915","12/01/1991",,
3269,"NW-G-019","1","Babington","Julia","Catherine",,"11/13/1909","11/18/1994",,
3270,"NW-G-019","2","Babington","Fred","Leak",,"04/07/1907","12/24/1986",,
3271,"NW-G-019","3","Demeter","Julia",,,"05/14/1939","11/10/2022",,
3272,"NW-G-020","1",,,,,,,,
3273,"NW-G-020","2","Sampson","Jonathan","David","Disinterred 12/12/05","02/14/1969","12/14/1971",,
3274,"NW-G-020","3",,,,,,,,
3275,"NW-G-021","1",,,,,,,,
3276,"NW-G-021","2",,,,,,,,
3277,"NW-G-021","3",,,,,,,,
3278,"NW-G-021","4",,,,,,,,
3279,"NW-G-022","1","Causey","Lucille",,"Lovin","08/23/1921","06/20/2001",,
3280,"NW-G-022","2","Causey","Robert","S.",,"02/12/1920","04/17/1986",,
3281,"NW-G-022","3",,,,,,,,
3282,"NW-G-022","4",,,,,,,,
3283,"NW-G-023","1","Ferrell","Beulah",,"Hildebrand","09/24/1917","09/25/1989",,
3284,"NW-G-023","2","Ferrell","Willard","F.",,"08/26/1917","05/28/1988",,
3285,"NW-G-023","3",,,,,,,,
3286,"NW-G-023","4","Spencer","Edward","P.",,"10/31/1909","05/16/1980",,
3287,"NW-G-024","1","Dowling,","Capt. Leo","A.",,"12/23/1926","08/28/1972","Jr.",
3288,"NW-G-024","2","Dowling/Steele","Audry/Steve","D./Lee","06-17-1948/10-07-1996","02/27/1926","05/09/1987",,
3289,"NW-G-024","3","Dowling,","Leo","A.",,"07/14/1908","05/01/1974","Sr.",
3290,"NW-G-024","4","Dowling",,,,"01/25/1906","01/19/1990",,
3291,"NW-G-025","1","Hornstein","Henrietta",,,"00/00/1886","00/00/1975",,
3292,"NW-G-026","1",,,,,,,,
3293,"NW-G-027","1","Benton","Mary","Emma",,"10/12/1899","07/29/1976",,
3294,"NW-G-028","1","Benton","Eugene",,,"07/19/1930","04/25/1994",,
3295,"NW-G-029","1","Shirley","Earl","Eugene",,"07/09/1948","07/04/1988",,
3296,"NW-G-030","1","Hornstein","Normwn","Mark",,"11/23/1914","07/26/1989",,
3297,"NW-G-031","1","King","Patricia","Ann",,"03/26/1954","04/23/1978",,
3298,"NW-G-032","1","O'Brien","Helen","Marie",,"00/00/1886","00/00/1977",,
3299,"NW-G-033","1","Jones","Charlotte",,"LeClerc","05/15/1911","11/26/1971",,
3300,"NW-G-033","2","Hart","Charlotte",,"McChain","09/08/1969","09/14/1987",,
3301,"NW-G-034","1","Caster/Robinson","Mittie ""Mit""","Irene","Whitaker","05/11/1917","11/06/2003",,
3302,"NW-G-034","2","Caster","Craig","Melvn",,"07/01/1913","07/24/1992","Sr.",
3303,"NW-G-035","1",,,,,,,,
3304,"NW-G-035","2",,,,,,,,
3305,"NW-G-036","1",,,,,,,,
3306,"NW-G-036","2",,,,,,,,
3307,"NW-G-037","1","Willing, .","Lawrence","R.",,"04/08/1948","07/08/1986","Jr",
3308,"NW-G-037","2","Willing","Emma","Jane","R.","12/26/1923","02/10/1987",,
3309,"NW-G-037","3","Willing,","Lawrence","Robertson",,"03/17/1920","06/15/2009","Sr",
3310,"NW-G-038","1",,,,,,,,
3311,"NW-G-038","2","Busby","David","William",,"05/28/1930","09/08/1989",,
3312,"NW-G-038","3",,,,,,,,
3313,"NW-G-039","1","McKeithan","John","Eldridge",,"02/11/1903","10/29/1977",,
3314,"NW-G-039","2","McKeithan,","John","E.",,"08/17/1929","04/12/1977","Jr",
3315,"NW-G-039","3","McKeithan","Mary","Lilly","Singletary","08/30/1909","04/03/2000",,
3316,"NW-G-040","1","Cofield","Edna",,,"05/15/1908","10/16/1973",,
3317,"NW-G-040","2","Mims","Maryland",,,"01/24/1912","10/13/1984",,
3318,"NW-G-040","3",,,,,,,,
3319,"NW-G-041","1","Harrelson","Claude","Early",,"00/00/1904","00/00/1979",,
3320,"NW-G-041","2","Harrelson","Ina","Frances",,"00/00/1908","00/00/1997",,
3321,"NW-G-041","3",,,,,,,,
3322,"NW-G-041","4",,,,,,,,
3323,"NW-G-042","1","Harrelson","Edwin","C.",,"02/05/1922","09/06/1971",,
3324,"NW-G-042","2",,,,,,,,
3325,"NW-G-042","3",,,,,,,,
3326,"NW-G-042","4",,,,,,,,
3327,"NW-G-043","1","Coltrane","Kendall","May",,"04/14/1941","05/27/2006",,
3328,"NW-G-043","2","Bruno","Kendall","Coltrane","May","09/02/1911","05/17/2002",,
3329,"NW-G-043","3",,,,,,,,
3330,"NW-G-043","4",,,,,,,,
3331,"NW-G-044","1","Willing","Eleanor",,"Carr","12/28/1913",,,
3332,"NW-G-044","2","Willing","Fred","L.",,"04/15/1909","06/18/1990",,
3333,"NW-G-044","3","Riese","James","B",,"00/00/1927","00/00/2004",,
3334,"NW-G-044","4","Riese","Mary",,"Fanning","11/03/1929","07/10/2005",,
3335,"NW-G-045","1",,,,,,,,
3336,"NW-G-045","2","Wood","Mary","Jane","Sykes","05/24/1920","01/18/1973",,
3337,"NW-G-046","1","Boymer","William","Edward",,"01/08/1899","11/17/1971",,
3338,"NW-G-046","2","Boymer","Vera",,"Fogarty","01/17/1903","10/02/1981",,
3339,"NW-G-047","1","Jones","Edna",,,"00/00/1920","00/00/1981",,
3340,"NW-G-047","2","Jones","Leo",,,"00/00/1915","00/00/1974",,
3341,"NW-G-048","1","Porterfield","Margaret",,"Phillippe","03/26/1914","04/21/2010",,
3342,"NW-G-048","2","Porterfield","James","K.",,"03/09/1913","10/26/1991",,
3343,"NW-G-049","1","Lewis","Louise",,"Bragaw","04/12/1913","03/23/1972",,
3344,"NW-G-049","2",,,,,,,,
3345,"NW-G-050","1","Garrish","Earline",,"Rogers","07/03/1919","12/02/2000",,
3346,"NW-G-050","2","Garrish","David","Benjamin",,"01/10/1910","09/04/1973",,
3347,"NW-G-051","1",,,,,,,,
3348,"NW-G-051","2",,,,,,,,
3349,"NW-G-052","1","Brown","Mary",,"Morgan","10/03/1907","10/12/1992",,
3350,"NW-G-052","2","Brown","Calvin","Benjamin",,"08/13/1896","11/15/1973",,
3351,"NW-G-053","1",,,,,,,,
3352,"NW-G-053","2",,,,,,,,
3353,"NW-G-053","3",,,,,,,,
3354,"NW-G-054","1",,,,,,,,
3355,"NW-G-054","2","Gill","Violet",,"Brown","04/12/1929",,,
3356,"NW-G-054","3","Gill","Raymond","Morris",,"05/30/1929","05/22/1986",,
3357,"NW-G-055","1","Blohm","Walton",,,"04/29/1898","04/24/1975",,
3358,"NW-G-055","2","Blohm","Archie","M.",,"00/00/1904","00/00/1977",,
3359,"NW-G-055","3","Blohm","Sarah","S.",,"00/00/1902","00/00/1982",,
3360,"NW-G-056","1","Sweeper","Betty","Sue","Hewitt","05/03/1935","10/18/2009",,
3361,"NW-G-056","2","Hewett","Maybelle",,,"00/00/1899","00/00/1972",,
3362,"NW-G-056","3",,,,,,,,
3363,"NW-G-057","1","Charron","Crystal","Danita",,"05/29/1974","08/01/2020",,
3364,"NW-G-057","2","Eagles","Colon",,,,"07/05/1979",,
3365,"NW-G-057","3","Eagles","Ellen","S.",,"07/28/1902","09/13/1975",,
3366,"NW-G-057","4","Eagles","John","Arthur",,"04/29/1933","07/29/2018",,
3367,"NW-G-058","1",,,,,,,,
3368,"NW-G-058","2",,,,,,,,
3369,"NW-G-058","3",,,,,,,,
3370,"NW-G-058","4",,,,,,,,
3371,"NW-G-059-A","1",,,,,,,,
3372,"NW-G-059-B","1",,,,,,,,
3373,"NW-G-059-C","1",,,,,,,,
3374,"NW-G-059-D","1","Barrow","Conrad","Lee",,"05/06/1928","11/27/1992",,
3375,"NW-G-060","1","Watson","Helen",,,"00/00/1925","00/00/1980",,
3376,"NW-G-060","2","Watson","Wendell",,,"00/00/1920","00/00/1983",,
3377,"NW-G-060","3",,,,,,,,
3378,"NW-G-060","4",,,,,,,,
3379,"NW-G-061","1","Riggs","Mary","Elizabeth","Brown","11/26/1926","10/19/1978",,
3380,"NW-G-062","1","Wilson","Isabelle",,,"00/00/1892","00/00/1982",,
3381,"NW-G-063","1","Sheridon","James","R.",,"00/00/1892","00/00/1975",,
3382,"NW-G-064","1","Smith","Lula",,"Brown","01/22/1885","02/20/1972",,
3383,"NW-G-065","1",,,,,,,,
3384,"NW-G-066","1","Eagles","Neal",,,"09/10/1899","11/14/1983",,
3385,"NW-G-067","1","Bowen,","John","Wesley",,"05/31/1917","11/17/1975","Sr.",
3386,"NW-G-068","1","Griffin","Richard","F.",,"04/14/1922","08/30/1925",,
3387,"NW-G-069","1",,,,,,,,
3388,"NW-G-069","2",,,,,,,,
3389,"NW-G-070","1","McCorkle","Thelma","B.",,"00/00/1902","00/00/1987",,
3390,"NW-G-070","2","MCCorkle","Herbert","R.",,"00/00/1900","00/00/1972",,
3391,"NW-G-071","1",,,,,,,,
3392,"NW-G-071","2",,,,,,,,
3393,"NW-G-072","1","Fain","Hugh","McCoy",,"11/10/1901","06/24/1971",,
3394,"NW-G-072","2",,,,,,,,
3395,"NW-G-073","1","Graham","Ruby",,"Dalvey",,,,
3396,"NW-G-073","2","Key","Frances","Graham",,"00/00/1916","00/00/1972",,
3397,"NW-G-073","3",,,,,,,,
3398,"NW-G-074","1","Laird","Maureen","Byrne Fallon","Bligh","05/31/1915","07/07/1995",,
3399,"NW-G-074","2","Fallon","Carlos",,,"01/21/1909","02/12/1989",,
3400,"NW-G-074","3","de Fallon","Blanca","Convers","Codazzide","00/00/1878","00/00/1975",,
3401,"NW-G-075","1",,,,,,,,
3402,"NW-G-075","2","McGill","Ada","Mae","Schoup","12/13/1913","10/27/2001",,
3403,"NW-G-075","3","McGill","Charles","D.",,"00/00/1913","00/00/1984",,
3404,"NW-G-076","1",,,,,,,,
3405,"NW-G-076","2","Lackey","Ava","Ann","Mitchell","06/03/1943","11/23/2010",,
3406,"NW-G-076","3","Lackey","William","Jefferson",,"12/09/1934","06/18/2007",,
3407,"NW-G-077","1",,,,,,,,
3408,"NW-G-077","2",,,,,,,,
3409,"NW-G-077","3","Webb","Peggy",,"Anderson","04/30/1934",,,
3410,"NW-G-077","4","Webb","John","Allen",,"09/27/1927","09/12/1992",,
3411,"NW-G-078","1",,,,,,,,
3412,"NW-G-078","2",,,,,,,,
3413,"NW-G-078","3",,,,,,,,
3414,"NW-G-078","4",,,,,,,,
3415,"NW-G-079","1","Carlin","Michael","Ray",,"08/30/1961","03/24/1991",,
3416,"NW-G-079","2","Carlin","Kelly","Michele",,"06/01/1986","09/04/1997",,
3417,"NW-G-079","3","Carlin","Thelma",,"Smith","12/10/1933","02/16/2002",,
3418,"NW-G-079","4","Carlin","William","James",,"04/23/1927","12/09/2007",,
3419,"NW-G-080","1",,,,,,,,
3420,"NW-G-080","2","Alewine","George","Gerald",,"00/00/1933","00/00/1997",,
3421,"NW-G-080","3","Howard","Stella",,"Jackson","03/03/1913","02/01/1983",,
3422,"NW-G-080","4","Howard","Glennie","Austin",,"07/11/1911","01/21/2000",,
3423,"NW-G-081","1","Roof","Linda","Leilani",,"09/29/1946","11/11/1973",,
3424,"NW-G-082","1","Pinkerton","Susan",,,"07/00/1908","06/07/1979",,
3425,"NW-G-083","1","McCoy","Maria","Florina",,"00/00/1931","00/00/1978",,
3426,"NW-G-084","1","Sanders, R.N.","Catherine","""Kit""",,"01/25/1916","05/12/1976",,
3427,"NW-G-085","1","Barnett","Matilda","A.",,"01/19/1887","06/14/1975",,
3428,"NW-G-086","1","Jeffers","Raymond","Daniel",,"01/11/1925","11/12/1976",,
3429,"NW-G-087","1","Stanbrook","Marian",,,"00/00/1900","00/00/1979",,
3430,"NW-G-088","1","Fish","Harold","Petrie",,"04/18/1904","12/15/1972",,
3431,"NW-G-089","1","Lewis","Edythe",,"Zinn","01/28/1909",,,
3432,"NW-G-089","2","Lewis","Clair","Davis",,"10/30/1908","08/30/1985",,
3433,"NW-G-090","1",,,,,,,,
3434,"NW-G-090","2",,,,,,,,
3435,"NW-G-091","1","Thompson","Mildred","Annie",,"01/22/1929","01/15/2010",,
3436,"NW-G-091","2","Thompson","John","Atwood",,"11/17/1922","02/09/1993",,
3437,"NW-G-092","1","Duncan","Ruby","M.",,"04/08/1918","12/22/1973",,
3438,"NW-G-092","2","Duncan","Riley","W.",,"08/04/1910","03/18/1985",,
3439,"NW-G-093","1",,,,,,,,
3440,"NW-G-093","2","Henry","Lucy","Oden",,"06/02/1923","03/10/2017",,
3441,"NW-G-093","3","Henry,","Asa","P.",,"00/00/1922","00/00/1986"," Jr.",
3442,"NW-G-094","1",,,,,,,,
3443,"NW-G-094","2","Lindner","George","Henry",,"00/00/1900","00/00/1984",,
3444,"NW-G-094","3","Lindner","Charlotte",,"Hudtwalcker","00/00/1907","01/27/2000",,
3445,"NW-G-095","1","Erwin","Ellen",,"Witt","09/14/1913",,,
3446,"NW-G-095","2","Erwin","James","Price",,"07/07/1910","09/12/1982",,
3447,"NW-G-095","3",,,,,,,,
3448,"NW-G-096","1","Hankins","Jonathan",,,"08/03/1926","01/31/2004",,
3449,"NW-G-096","2",,,,,,,,
3450,"NW-G-096","3",,,,,,,,
3451,"NW-G-097","1",,,,,,,,
3452,"NW-G-097","2","Murphy","Dorothy",,"Rodgers","08/22/1919","01/08/2000",,
3453,"NW-G-097","3","Murphy","Clarence","E.",,"00/00/1917","00/00/1983",,
3454,"NW-G-097","4",,,,,,,,
3455,"NW-G-098","1",,,,,,,,
3456,"NW-G-098","2","Whitley","Elaine","H.",,"05/09/1944","06/30/1981",,
3457,"NW-G-098","3",,,,,,,,
3458,"NW-G-098","4",,,,,,,,
3459,"NW-G-099","1","Lipe","Daniel","Grady",,"00/00/1905","00/00/1978",,
3460,"NW-G-099","2","Lipe","Jerome","Harwood",,"00/00/1907","00/00/1983",,
3461,"NW-G-099","3","Lipe","James","Allen",,"05/04/1926","09/25/1985",,
3462,"NW-G-099","4","Lipe","Myrtle","Boots",,"08/09/1931","06/06/1994",,
3463,"NW-G-100-A","1",,,,,,,,
3464,"NW-G-100-A","2","Clark","Diane",,"Stidham","03/16/1944","07/04/2014",,
3465,"NW-G-100-B","1","Gregory","Grace","R.","Disinterred","05/27/1932","08/13/1991",,
3466,"NW-G-100-B","2","Gregory","James","D.",,"01/19/1931",,,
3467,"NW-G-101","1","Edwards","Lois","W.",,"07/12/1903","08/02/1980",,
3468,"NW-G-101","2","Edwards","R.","Sam",,"10/03/1898","12/09/1981",,
3469,"NW-G-102","1","Champion","Ruth","M.",,"00/00/1906",,,
3470,"NW-G-102","2","Champion","Eber","L.",,"00/00/1903","00/00/1974",,
3471,"NW-G-103","1","Harper","Dorothy","Rose",,"01/02/1913","08/03/1973",,
3472,"NW-G-103","2","Harper","Lloyd","James",,"12/24/1910","05/24/1980",,
3473,"NW-G-104","1","Stidham","Margaret","""Sugar""",,"00/00/1890","00/00/1972",,
3474,"NW-G-104","2","Stidham","Malcolm",,,"06/26/1902","06/28/1978",,
3475,"NW-G-105","1","Johnson","Katie","E.",,"06/20/1908","02/27/1981",,
3476,"NW-G-105","2","Johnson","David","V.",,"08/09/1910","01/23/1981",,
3477,"NW-G-106","1","Hughes","Gay","""Pat""","Spencer","01/02/1937","09/17/2001",,
3478,"NW-G-106","2","Hughes","George","A.",,"10/15/1928","05/11/1974",,
3479,"NW-G-107","1","Spencer","Linnie",,"Singletary","11/22/1915","12/19/1979",,
3480,"NW-G-107","2","Spencer","Ray","J",,"11/28/1915",,,
3481,"NW-G-108","1","Murray","Mattie",,"Bell","07/02/1920","07/13/1980",,
3482,"NW-G-108","2","Baxter","William & Clifton","7-8-1974/ Marie","Maura Baxter","02/24/1976","02/17/1976",,
3483,"NW-G-109","1","Morris","McKinley",,,"03/29/1937","10/01/1973",,
3484,"NW-G-109","2","Morris","Lela",,"Hill","00/00/1909","00/00/1978",,
3485,"NW-G-109","3","Morris","Carl",,,,,,
3486,"NW-G-110","1",,,,,,,,
3487,"NW-G-110","2","Varnum","Ena",,"Etheridge","07/03/1921","12/25/1993",,
3488,"NW-G-110","3","Varnum","John","Kinwood",,"11/10/1915","09/11/1985",,
3489,"NW-G-111","1",,,,,,,,
3490,"NW-G-111","2",,,,,,,,
3491,"NW-G-111","3","James","Arthur","Cummings",,"07/12/1912","11/15/1982",,
3492,"NW-G-112","1","Phipps","Sally","K.",,"12/14/1936","06/30/1979",,
3493,"NW-G-112","2","Phipps","Freddy","R",,"02/12/1935","08/30/2021",,
3494,"NW-G-112","3",,,,,,,,
3495,"NW-G-113","1","Tyler","Gertrude","M.",,"11/27/1895","10/13/1982",,
3496,"NW-G-113","2","Tyler","Cyrill","Floyd",,"09/07/1893","08/31/1972",,
3497,"NW-G-113","3","Tyler","Nola",,"Stidham","03/10/1918","01/01/2010",,
3498,"NW-G-113","4","Tyler","Emerson","Bennet",,"06/11/1913","03/12/1976",,
3499,"NW-G-114","1","Woolwich","Edith","L.",,"03/26/1914","11/11/1989",,
3500,"NW-G-114","2","Woolwich","Sidney",,,"09/20/1910","05/25/1981",,
3501,"NW-G-114","3","Woolwich","Robert","Louis",,"11/29/1942","01/07/2017",,
3502,"NW-G-114","4","Woolwich","Doris","Jean",,"10/21/1947","01/17/2021",,
3503,"NW-G-115","1","Varnam","Vera","P.",,"11/30/1946","07/24/1990",,
3504,"NW-G-115","2",,,,,,,,
3505,"NW-G-115","3",,,,,,,,
3506,"NW-G-115","4","Hill","Thelma",,,"04/03/1922","11/07/1974",,
3507,"NW-G-116","1",,,,,,,,
3508,"NW-G-116","2","Simmons","Clarence","A.",,"11/15/1912","07/21/1984",,
3509,"NW-G-116","3",,,,,,,,
3510,"NW-G-116","4",,,,,,,,
3511,"NW-G-117","1",,,,,,,,
3512,"NW-G-118","1",,,,,,,,
3513,"NW-G-119","1","Creech","John",,,"04/21/1914","01/14/1988",,
3514,"NW-G-120","1","Stidham","Mollie",,,"00/00/1910","00/00/1996",,
3515,"NW-G-121","1","Stubbs","Ray",,,"04/05/1919","07/07/1987",,
3516,"NW-G-122","1","Williams","Gerthell","Joyner",,"06/11/1928","07/07/1978",,
3517,"NW-G-123","1","Williams","Otha","H.",,"03/07/1924","11/10/1974",,
3518,"NW-G-124","1","Smith","Lonnie","A.",,"07/05/1954","06/23/1974",,
3519,"NW-G-125","1","Smith","Charlene","Evette",,"11/09/0960","09/17/0985",,
3520,"NW-G-125","2","Gore","Laura","McCracken","Smith","10/16/1932","01/03/2013",,
3521,"NW-G-126","1","Joyner","Cleveland",,,"00/00/1917","10/02/1974",,
3522,"NW-G-126","2","Joyner","Mabel","Catherine","Moore","09/09/1927","10/00/1977",,
3523,"NW-G-127","1","Kane","Catherine",,"Kaiser","07/31/1923","07/22/2004",,
3524,"NW-G-127","2","Kane","John","James",,"07/08/1915","09/15/1973",,
3525,"NW-G-128","1",,,,,,,,
3526,"NW-G-128","2",,,,,,,,
3527,"NW-G-129","1","Bunting","Marguerite","A.",,"01/10/1912","02/24/2003",,
3528,"NW-G-129","2","Bunting","Roland",,,"00/00/1912","00/00/1980",,
3529,"NW-G-129","3",,,,,,,,
3530,"NW-G-130","1",,,,,,,,
3531,"NW-G-130","2",,,,,,,,
3532,"NW-G-130","3",,,,,,,,
3533,"NW-G-131","1",,,,,,,,
3534,"NW-G-131","2",,,,,,,,
3535,"NW-G-131","3",,,,,,,,
3536,"NW-G-132","1","Terrell","Juanita","J.",,"00/00/1925",,,
3537,"NW-G-132","2","Terrell","Hebron","W.",,"00/00/1915","00/00/1981",,
3538,"NW-G-132","3",,,,,,,,
3539,"NW-G-133","1",,,,,,,,
3540,"NW-G-133","2",,,,,,,,
3541,"NW-G-133","3",,,,,,,,
3542,"NW-G-133","4",,,,,,,,
3543,"NW-G-134","1",,,,,,,,
3544,"NW-G-134","2",,,,,,,,
3545,"NW-G-134","3",,,,,,,,
3546,"NW-G-134","4",,,,,,,,
3547,"NW-G-135","1",,,,,,,,
3548,"NW-G-135","2","Partello,","Richard","Alvey",,"02/29/1968","12/16/2011","III",
3549,"NW-G-135","3","Partello","Joyce",,"St George","11/25/1944","10/23/2020",,
3550,"NW-G-135","4","Partello,","Richard","Alvey",,"04/27/1943","08/02/2001","Jr.",
3551,"NW-G-136","1",,,,,,,,
3552,"NW-G-136","2",,,,,,,,
3553,"NW-G-136","3","St. George","Catherine",,"Hinnet","01/17/1918","07/02/1998",,
3554,"NW-G-136","4","St. George,","Donald","F.",,"08/04/1923","06/06/1978","Jr.",
3555,"NW-G-137","1",,,,,,,,
3556,"NW-G-138","1",,,,,,,,
3557,"NW-G-139","1",,,,,,,,
3558,"NW-G-140","1",,,,,,,,
3559,"NW-G-141","1","Not For Sale","Garden Area",,,,,,
3560,"NW-G-142","1","Not For Sale","Garden Area",,,,,,
3561,"NW-G-143","1","Not For Sale","Garden Area",,,,,,
3562,"NW-G-144","1","Not For Sale","Garden Area",,,,,,
3563,"NW-G-145","1","Not For Sale","Garden Area",,,,,,
3564,"NW-G-146","1","Not For Sale","Garden Area",,,,,,
3565,"NW-G-147","1","Not For Sale","Garden Area",,,,,,
3566,"NW-G-148","1","Ballard","Christopher","Mark",,"11/01/1952","10/18/1986",,
3567,"NW-G-149","1","Clarida","Snow","W.",,"10/28/1922","11/22/1987",,
3568,"NW-G-150","1","Mead","Russell","B.",,"09/12/1902","07/29/1989",,
3569,"NW-G-151","1","Mead","Estelle","S.",,"10/24/1903","10/31/1986",,
3570,"NW-G-152","1","Evans","(No Marker)",,,,,,
3571,"NW-G-153","1","Hiller","Annie","Jane",,"00/00/1914","00/00/1986",,
3572,"NW-G-154","1","Clark","Hattie","M.",,"00/00/1923","00/00/1983",,
3573,"NW-G-155","1","Davis","Elmer",,,"04/16/1926","12/07/1982",,
3574,"NW-G-156","1","Davis","Gertrude",,,"00/00/1902","00/00/1994",,
3575,"NW-G-157","1","Brown","Florence","E.",,"00/00/1899","00/00/1983",,
3576,"NW-G-158","1","Galloway","Cassie",,"Brown","06/06/1890","01/12/1990",,
3577,"NW-G-159","1","Hankins","Joseph","Hiram",,,,,
3578,"NW-G-160","1","Smith","Delina",,"Grisette","01/17/1937","01/23/1978",,
3579,"NW-G-161","1","Brown","Davis","Alfred",,"03/17/1924","05/10/1981",,
3580,"NW-G-162-","1","Poole","Helen",,"Surman","06/13/1914","01/04/2002",,
3581,"NW-G-162-","2","Poole","Charles","Clayton",,"00/00/1906","00/00/1976",,
3582,"NW-G-163","1","Grisetti","Florence","M.",,"00/00/1910","00/00/1976",,
3583,"NW-G-163","2","Grisetti","Francis","R.",,"00/00/1904","00/00/1977",,
3584,"NW-G-164","1","Drew","Maude",,,"00/00/1910","00/00/1984",,
3585,"NW-G-164","2","Drew","Charles","Byron",,"02/26/1895","08/06/1991",,
3586,"NW-G-165","1","Knight","Clara",,"Creech","00/00/1907","00/00/1994",,
3587,"NW-G-165","2","Knight","Ernest",,,"00/00/1890","00/00/1978",,
3588,"NW-G-166","1","Boles","Joann",,"Thomas","07/29/1929","05/10/2008",,
3589,"NW-G-166","2","Boles","William","G.",,"06/19/1920","10/21/1978",,
3590,"NW-G-167","1",,,,,,,,
3591,"NW-G-167","2",,,,,,,,
3592,"NW-G-168","1","Jorgensen","Olive",,"Hood","06/22/1915",,,
3593,"NW-G-168","2","Jorgensen","Neils",,,"03/03/1915","06/11/1979",,
3594,"NW-G-169","1","Bryant","Annie and Jones","M.","11-28-1930 / 09-16-2013","00/00/1932","00/00/1980","Jr.",
3595,"NW-G-169","2","Bryant","Jones",,,"00/01/930",,,
3596,"NW-G-169","3",,,,,,,,
3597,"NW-G-170","1","Burriss","Susie",,"Jones","01/14/1912","05/09/1988",,
3598,"NW-G-170","2","Burriss","Thomas","Linwood",,"01/23/1948",,,
3599,"NW-G-170","3","Burriss","Bertram","Murphy",,"06/18/1909","12/10/1990",,
3600,"NW-G-171","1",,,,,,,,
3601,"NW-G-171","2",,,,,,,,
3602,"NW-G-171","3",,,,,,,,
3603,"NW-G-172","1",,,,,,,,
3604,"NW-G-172","2","Johnson","Gertrude","F.",,"12/08/1915","04/04/1995",,
3605,"NW-G-172","3","Johnson","James","Arthur",,"09/03/1912","02/24/1987",,
3606,"NW-G-173","1",,,,,,,,
3607,"NW-G-173","2",,,,,,,,
3608,"NW-G-173","3","Lutsko","James","Francis","""Big Jim""","07/09/1952","08/25/1986",,
3609,"NW-G-174","1","Moore","Nathaniel",,,"00/00/1913","00/00/1991",,
3610,"NW-G-174","2","Bhivell","Maggie",,,"00/00/1885","00/00/1984",,
3611,"NW-G-174","3","Green","Charles",,,"00/00/1915","00/00/1984",,
3612,"NW-G-175","1","Austin","Hilda",,"Brown","09/19/1926","06/12/2008",,
3613,"NW-G-175","2","Austin","Robert","Lee",,"01/28/1907","08/24/1995",,
3614,"NW-G-175","3","Fagan","Thelma","Parker","Castle","04/19/1900","02/17/1983",,
3615,"NW-G-176","1",,,,,,,,
3616,"NW-G-176","2","Twitty","Lawrence","G.",,"05/24/1914","09/24/2009",,
3617,"NW-G-176","3","Twitty","Elise","Mary",,"03/24/1916","10/07/2000",,
3618,"NW-G-176","4",,,,,,,,
3619,"NW-G-177","1","Ray","Lillie","Mae","Ingrahm","03/04/1980","01/20/2020",,
3620,"NW-G-177","2","Phelps","James",,,"00/00/1947","00/00/1988",,
3621,"NW-G-177","3","Phelps","Al-Mary",,"Hill","08/24/1924","02/11/2008",,
3622,"NW-G-177","4","Phelps","William",,,"08/19/1916","01/06/1986",,
3623,"NW-G-178-A","1","Baker","Henton Lee 1902/1982","/Lillian Ware Baker",,"00/00/1902","00/00/1991",,
3624,"NW-G-178-B","1","Lee","Robert","Oliver",,"05/19/1925","09/12/1991",,
3625,"NW-G-178-C","1","Nieceicki","Esther","Lorrainne",,"02/19/1932","06/23/1991",,
3626,"NW-G-178-D","1",,,,,,,,
3627,"NW-G-179-A","1","Dixon","Kayte",,"Chauncey","02/04/1922","10/06/2016",,
3628,"NW-G-179-A","2","Dixon","Archie","Alton",,"04/27/1922","02/16/1991",,
3629,"NW-G-179-B","1","Petty","Rebecca",,"Maner","06/01/1929","04/11/1993",,
3630,"NW-G-179-B","2","Petty","David","Leonard",,"07/19/1921","03/30/1991",,
3631,"NW-G-180-A","1","Castle","Perry","Jack",,"08/11/1914","04/09/1991",,
3632,"NW-G-180-B","1","McMillion","James","William",,"12/24/1913","04/22/1991",,
3633,"NW-G-180-C","1","King","Ruby",,"Blanton","12/13/1919","03/08/1993",,
3634,"NW-G-180-C","2","King","Rufus","Vonnie",,"09/01/1910","05/30/1991",,
3635,"NW-G-181-A","1","Holcomb","JoAnn &","Richard Watte","03/01/1933 - 06-10-2014","00/00/1938","05/30/1991",,
3636,"NW-G-181-B","1","Clarida","Rochelle",,,"00/00/1916","00/00/1991",,
3637,"NW-G-181-B","2","Clarida","Annie","G.",,"00/00/1925","00/00/1994",,
3638,"NW-G-181-C","1","Fenick,","Steven","T.",,"09/28/1933","09/01/1991","Jr.",
3639,"NW-G-182","1","Clemmons","Ronald","J",,"08/18/1948","12/12/2022",,
3640,"NW-G-182","2","Clemmons,","Israel","Edwards",,"08/18/1916","08/23/1998","Jr.",
3641,"NW-G-182","3","Clemmons","Louise",,"Morris","08/13/1918","12/14/2012",,
3642,"NW-G-182","4",,,,,,,,
3643,"NW-G-183","1","Byrd","Elouise","H.",,"00/00/1912","00/00/1990",,
3644,"NW-G-184","1",,,,,,,,
3645,"NW-G-185","1","Jackson","Dewey","H.",,"10/19/1923","05/16/1984",,
3646,"NW-G-186","1",,,,,,,,
3647,"NW-G-187","1","Gore","Charles","LaRoy",,"07/06/1943","10/18/1984",,
3648,"NW-G-188","1","Jackson","Elton","H.",,"03/13/1920","02/06/1987",,
3649,"NW-G-189","1","Goodwin","Tommie",,,"12/02/1923","06/19/1982",,
3650,"NW-G-190","1","Number Skipped",,,,,,,
3651,"NW-G-191-","1",,,,,,,,
3652,"NW-G-192","1","Wolfe","Blanche",,"Minor","05/16/1894","07/22/1986",,
3653,"NW-G-193","1",,,,,,,,
3654,"NW-G-194","1","Salter","Dorothy J.","& Rice, Harold Edward","11-18-1947/12-3-2006","00/00/1929","00/00/1984",,
3655,"NW-G-195","1","Clarida,","George",,,"03/08/1912","10/24/1985"," Jr.",
3656,"NW-G-196","1","Clarida","Linz","h.",,"07/28/1915","04/20/1988",,
3657,"NW-G-197","1","Moore","Theresa",,,"00/00/1893","00/00/1986",,
3658,"NW-G-198","1","Joyce","Serella","Mac","Barber","00/00/1912","00/00/1988",,
3659,"NW-G-198","2","Smith","Charles","Donald",,"02/03/1942","07/16/2014",,
3660,"NW-G-199","1","Jones","Margarette",,"Lee","04/30/1948","06/20/1980",,
3661,"NW-G-199","2","Jones","Bobby","Edward",,"06/18/1935","05/24/2001",,
3662,"NW-G-200","1",,,,,,,,
3663,"NW-G-200","2","Hutton","Fleta","Elizabeth","Field","12/22/1907","08/18/1979",,
3664,"NW-G-201","1",,,,,,,,
3665,"NW-G-201","2","Crisco","Mandy","Marie",,"03/03/1977","03/03/1977",,
3666,"NW-G-202","1","Blake","Gertrude",,"Downing","00/00/1916","11/17/2004",,
3667,"NW-G-202","2","Blake","Edgar","Cade",,"00/00/1913","00/00/1976",,
3668,"NW-G-203","1","Revis","Michael","Blaine",,"08/02/1958","07/01/1978",,
3669,"NW-G-203","2","Warner","Harold","Leon",,"05/20/1911","03/07/1977",,
3670,"NW-G-204","1","Rumple","Agnes",,"Saunders","10/17/1910","06/08/1982",,
3671,"NW-G-204","2","Rumple","Robert","Frank",,"07/16/1912","04/30/1980",,
3672,"NW-G-205","1",,,,,,,,
3673,"NW-G-205","2","Forbes","Hazel",,"Edgerton","04/09/1910","10/14/1996",,
3674,"NW-G-205","3","Forbes,","Vernon","McLeod",,"03/24/1912","03/20/1981","Sr.",
3675,"NW-G-206","1","Moran","William","Erwin",,"07/21/1958","10/16/1997",,
3676,"NW-G-206","2","Moran","Dorothy",,"Enzore","09/03/1922","07/26/2005",,
3677,"NW-G-206","3","Moran,","Phifer","Erwin",,"05/06/1924","07/22/2009","Jr.",
3678,"NW-G-207","1",,,,,,,,
3679,"NW-G-207","2","Blackwell","Phyllis","Mae",,"08/30/1931","07/12/2020",,
3680,"NW-G-207","3","Blackwell","Dennis","Robert",,"09/12/1957","08/31/1986",,
3681,"NW-G-208","1",,,,,,,,
3682,"NW-G-208","2","Beheler","Mary","Lois","Marlow","10/13/1943","02/11/2005",,
3683,"NW-G-208","3","Beheler","Howard","Curtis",,"08/17/1940","05/19/1987",,
3684,"NW-G-209","1","Christman","Edward","J.",,"00/00/1934",,,
3685,"NW-G-209","2","Christman","Helen","M.",,"00/00/1912","00/00/1993",,
3686,"NW-G-209","3","Christman","Edward","B.",,"00/00/1909","00/00/1984",,
3687,"NW-G-210","1",,,,,,,,
3688,"NW-G-210","2","Moretz","Catherine",,"Summey","06/20/1915","05/04/1988",,
3689,"NW-G-210","3","Moretz","Charles","Krauth",,"06/13/1918","08/13/1991",,
3690,"NW-G-211","1","Southern","Jonathan","W.","""Pee Wee""","08/27/1959","05/02/1987",,
3691,"NW-G-211","2","Southern","Nora","Lea","Lawson","07/30/1928","08/27/2009",,
3692,"NW-G-211","3","Southern","Cecil","R.",,"00/00/1922","00/00/1996",,
3693,"NW-G-212","1",,,,,,,,
3694,"NW-G-212","2",,,,,,,,
3695,"NW-G-212","3","Gray","Jean","Catherine",,"01/15/1923","06/18/1993",,
3696,"NW-G-212","4","Gray","Thomas","Welsh",,"11/07/1925","06/21/2000",,
3697,"NW-G-213-A","1","Davis","Mary","Jane",,"00/00/1906","00/00/2002",,
3698,"NW-G-213-B","1","Davis","Robert",,,"04/01/1896","04/19/1992",,
3699,"NW-G-213-C","1","Davelaar","Jytte",,"Solvejg","01/17/1931",,,
3700,"NW-G-213-C","2","Davelaar","Pieter","Herbert",,"10/02/1930","06/27/1992",,
3701,"NW-G-214-A","1","Schenck,","Jeffrey","Byron",,"12/11/1991","12/11/1991","Jr.",
3702,"NW-G-214-B","1",,,,,,,,
3703,"NW-G-214-C","1","Jackson","Elton","Bernard",,"05/14/1938","03/11/1992",,
3704,"NW-G-214-C","2",,,,,,,,
3705,"NW-G-215","1",,,,,,,,
3706,"NW-G-215","2",,,,,,,,
3707,"NW-G-215","3",,,,,,,,
3708,"NW-G-215","4",,,,,,,,
3709,"NW-G-216","1","Price","Naomi","G. ""Nee""",,"09/29/1909","06/02/1989",,
3710,"NW-G-216","2","Price","Quinton","J.",,"03/21/1967","11/26/1991",,
3711,"NW-G-216","3","Price","John","Anthony ""Uncle John""",,"10/23/1947","09/22/1996",,
3712,"NW-G-216","4",,,,,,,,
3713,"NW-G-217","1",,,,,,,,
3714,"NW-G-217","2",,,,,,,,
3715,"NW-G-217","3","White","Clifton","Bryan",,"08/24/1936","06/24/2009",,
3716,"NW-G-217","4","White","Judith",,"Young","01/24/1941","01/18/1989",,
3717,"NW-G-218","1","Ludlum","Ivon","Wayne","(Rabbit)","03/03/1939","04/11/2018",,
3718,"NW-G-218","2","Ludlum","Laura",,"Drew","05/08/1924","06/13/2017",,
3719,"NW-G-218","3","Ludlum","Mildred",,"Aldridge","05/09/1919","05/24/1994",,
3720,"NW-G-218","4","Ludlum","Ivon","Lee",,"12/23/1911","07/01/1992",,
3721,"NW-G-219","1",,,,,,,,
3722,"NW-G-219","2","Bryant","Preston","L.",,"10/22/1906","03/09/1980",,
3723,"NW-G-220","1",,,,,,,,
3724,"NW-G-220","2",,,,,,,,
3725,"NW-G-221","1","Davis","Lillie",,"Sellers","10/03/1890","11/26/1978",,
3726,"NW-G-221","2","Davis","Harry","S.",,"10/24/1901","12/08/1979",,
3727,"NW-G-222","1",,,,,,,,
3728,"NW-G-222","2","Thompson,","Michael","R.",,"00/00/1903","03/10/1977"," Sr.",
3729,"NW-G-223","1","Deese","Sarah","Hildia","Culp","11/27/1926","07/22/2008",,
3730,"NW-G-223","2","Deese","John","Samuel",,"01/20/1913","09/02/1977",,
3731,"NW-G-224","1","Ganey","Barbara",,"Drew","00/00/1939","00/00/1979",,
3732,"NW-G-224","2","Ganey","John","D.",,"00/00/1939",,,
3733,"NW-G-225","1","Caudill","Eunice",,"Daves","10/10/1916","09/21/1992",,
3734,"NW-G-225","2","Caudill","Rufus","Clay",,"03/27/1904","11/05/1980",,
3735,"NW-G-226","1","Stanley","Lillie","C.",,"09/17/1900","08/04/1981",,
3736,"NW-G-226","2","Stanley,","William","E.",,"12/16/1898","05/13/1980"," Sr.",
3737,"NW-G-227","1",,,,,,,,
3738,"NW-G-227","2",,,,,,,,
3739,"NW-G-228","1","Bryant","Pealie",,"Price","00/00/1908","00/00/1978",,
3740,"NW-G-228","2","Garrett","Mary","Frances",,"01/22/1930","12/27/1992",,
3741,"NW-G-229","1","Price","Robert","L.",,"00/00/1917","00/00/1978",,
3742,"NW-G-229","2","Price","Alice","Gertrude","Gore","01/31/1915","01/31/2001",,
3743,"NW-G-230","1","Turner","Elizabeth","B.",,"09/24/1911","10/22/1973",,
3744,"NW-G-230","2","Turner","Loren","H.",,"05/29/1905","12/10/1987",,
3745,"NW-G-231","1",,,,,,,,
3746,"NW-G-231","2","Heath","Charles","B.",,"09/19/1919","06/08/1977",,
3747,"NW-G-232","1","Brandon","Glen","C",,"00/00/1910","00/00/1985",,
3748,"NW-G-232","2","Brandon","Eddie","T.",,"00/00/1906","00/00/1979",,
3749,"NW-G-233","1",,,,,,,,
3750,"NW-G-233","2",,,,,,,,
3751,"NW-G-233","3",,,,,,,,
3752,"NW-G-234","1","Demeter","Frank","James",,"03/04/1944","06/26/2010"," Jr.",
3753,"NW-G-234","2","Demeter","Elizabeth",,"Jaczenko","10/13/1911","05/19/1988",,
3754,"NW-G-234","3","Demeter","Frank","James",,"03/27/1910","07/20/1994",,
3755,"NW-G-235","1",,,,,,,,
3756,"NW-G-235","2",,,,,,,,
3757,"NW-G-235","3",,,,,,,,
3758,"NW-G-236","1",,,,,,,,
3759,"NW-G-236","2","Knox","Agnes",,"Todd","11/07/1911","01/06/2004",,
3760,"NW-G-236","3","Knox","I.","Gordon",,"00/00/1912","00/00/1985",,
3761,"NW-G-237","1","Swan","Marjorie",,"Clark","12/29/1923","10/20/2006",,
3762,"NW-G-237","2","Swan","Henry","Law","Marrie 04-09-1942","03/15/1920","05/08/2002",,
3763,"NW-G-237","3",,,,,,,,
3764,"NW-G-238","1","Ward","Jeffery","Douglas",,"01/18/1962","05/11/2011",,
3765,"NW-G-238","2","Ward","Teresa",,"Fullwood","01/25/1936","12/26/2014",,
3766,"NW-G-238","3",,,,,,,,
3767,"NW-G-239","1","Stanley,","William","Ernest",,"04/28/1936","12/08/1999","Jr.",
3768,"NW-G-239","2","Stanley","Ann","Ellen","Knight","10/10/1943","10/21/2008",,
3769,"NW-G-239","3",,,,,,,,
3770,"NW-G-240","1","Lane","Charles","A. ""Tater""",,"03/20/1974",,,
3771,"NW-G-240","2","Lane","Arnold","C.  ""Flip""",,"12/21/1964","08/11/1992",,
3772,"NW-G-240","3",,,,,,,,
3773,"NW-G-240","4","Lane","Alan","C.","4 a","06/07/1945","10/01/2012",,
3774,"NW-G-240","b","Lane","Charlene","F.","4 b","03/11/1948","08/07/2012",,
3775,"NW-G-241","1",,,,,,,,
3776,"NW-G-241","2",,,,,,,,
3777,"NW-G-241","3",,,,,,,,
3778,"NW-G-241","4",,,,,,,,
3779,"NW-G-242-A","1","Cahours","Maxine",,"Bilbrey","02/15/1926","10/12/2013","Maxine",
3780,"NW-G-242-A","2","Cahours","Louis","Jacob",,"10/19/1925","09/19/1992",,
3781,"NW-G-242-B","1","Price","James","Edward",,"03/14/1934","01/22/2013",,
3782,"NW-G-242-B","2","Lee","Sarah",,"Price","07/22/1903","02/02/1993",,
3783,"NW-G-243-A","1",,,,,,,,
3784,"NW-G-243-B","1",,,,,,,,
3785,"NW-G-243-B","2",,,,,,,,
3786,"NW-G-243-C","1","Lee","Elmore",,,"06/02/1912","12/25/1992",,
3787,"NW-G-244","1",,,,,,,,
3788,"NW-G-244","2","Skipper,","James","Dixon",,"08/17/1956","09/04/1998","III",
3789,"NW-G-244","3","Sharpe","Vista","Harris",,"07/03/1897","12/22/1984",,
3790,"NW-G-244","4","Sharpe","June",,"Dewey","04/12/1898","12/09/1978",,
3791,"NW-G-245","1",,,,,,,,
3792,"NW-G-245","2","Skipper","Helen",,"Sharpe","02/23/1924","08/14/2005",,
3793,"NW-G-245","3","Skipper,","James","Dixon",,"03/23/1923","12/13/1990","Jr.",
3794,"NW-G-245","4","Skipper","Thomas","Burnett",,"10/09/1957","05/03/1981",,
3795,"NW-G-246","1",,,,,,,,
3796,"NW-G-246","2",,,,,,,,
3797,"NW-G-246","3",,,,,,,,
3798,"NW-G-246","4",,,,,,,,
3799,"NW-G-247","1",,,,,,,,
3800,"NW-G-248","1","Whitehead","Toccara N. 02-22-1984","Tamara D. 02091983",,,"03/17/1988",,
3801,"NW-G-249","1",,,,,,,,
3802,"NW-G-250","1","Rogers,","Stanley","Lannlau",,"05/14/1902","12/14/1990","Sr.",
3803,"NW-G-251","1","Shuller","Edgar","Ralph",,"10/10/1900","04/15/1986",,
3804,"NW-G-252","1","Sharples","Russell",,,"00/00/1918","00/00/1985",,
3805,"NW-G-253","1","Murphy","Cora","Mae",,"08/11/1929","05/14/1987",,
3806,"NW-G-254","1","Boyan","Donna","Bernadette","Tarasewicz","02/01/1949","10/11/2022",,
3807,"NW-G-255","1","Fullwood","Benjamin","Lee",,"06/25/1943","05/27/2017",,
3808,"NW-G-256","1","Shuller","Mary","Daniel",,"09/06/1907","11/19/1987",,
3809,"NW-G-257","1","Day","Audrey",,"Brown","07/19/1922","04/05/2001",,
3810,"NW-G-258","1","Day","Leslie","Paul",,"00/00/1924","00/00/1986",,
3811,"NW-G-259","1","Galloway","McKinley","M.",,"01/14/1931","07/03/1983",,
3812,"NW-G-260","1","Smith","Mary","Emma",,"00/00/1920","00/00/1988",,
3813,"NW-G-261","1","Walton","Joseph","Silvester",,"02/23/1887","12/17/1976",,
3814,"NW-G-261","2","Walton","Annie",,"Goley","06/29/1902","02/03/1991",,
3815,"NW-G-262","1","Cotton","Harold","L.",,"00/00/1903","00/00/1986",,
3816,"NW-G-262","2","Cotton","Esther","W.",,"00/00/1908","00/00/1982",,
3817,"NW-G-263","1","Douglas","James",,,"05/28/1902","09/30/1985",,
3818,"NW-G-263","2","Conley","Lewis","H.",,"10/07/1918","03/23/1977",,
3819,"NW-G-264","1","Wood","Nhien",,"Truong","06/19/1942",,,
3820,"NW-G-264","2","Wood","Truett","Nathan",,"10/19/1922","02/03/1978",,
3821,"NW-G-265","1","Hayward","Beverly","Arissa","D.","00/00/1915","00/00/1987",,
3822,"NW-G-265","2","Hayward","John","Barr",,"00/00/1905","00/00/1980",,
3823,"NW-G-266","1","Faulk","Fannie",,"Murphy","07/16/1927","02/16/2000",,
3824,"NW-G-266","2","Faulk,","Rufus","Hurley",,"08/07/1925","02/28/1987","Jr.",
3825,"NW-G-267","1","Waters","Harley","Alexander",,"06/27/1915","05/12/1985",,
3826,"NW-G-267","2","Waters","Marie",,"Hartel","01/18/1918","07/09/2009",,
3827,"NW-G-268","1","Schuck","Dorothy",,"Waters","05/27/1937","12/19/2015",,
3828,"NW-G-268","2","Schuck","William","Edward",,"09/04/1932","01/02/2011",,
3829,"NW-G-268","3","Schuck","Robert","William",,"09/27/1926","04/05/1992",,
3830,"NW-G-269","1","Worden","Joyce","Elaine",,"04/28/1926","12/27/1989",,
3831,"NW-G-269","2","Worden","Kenneth","Wesley",,"02/05/1922","04/27/2008",,
3832,"NW-G-269","3",,,,,,,,
3833,"NW-G-270","1","Crowe","William","H",,"03/03/1927","12/01/2010",,
3834,"NW-G-270","2","Crowe","Alnita",,"Dixon","03/03/1939","12/04/1997",,
3835,"NW-G-270","3",,,,,,,,
3836,"NW-G-271-","1","Faulk","Samuel","Dozier",,"09/20/1957","03/04/1989",,
3837,"NW-G-271-","2","Faulk","Barbara","Lane",,"06/17/1928","05/10/2016",,
3838,"NW-G-271-","3",,,,,,,,
3839,"NW-G-272","1",,,,,,,,
3840,"NW-G-272","2","Broadwell","Viola",,,"00/00/1916","00/00/1987",,
3841,"NW-G-272","3","Broadwell","Jack",,,"00/00/1912","00/00/1988",,
3842,"NW-G-273","1",,,,,,,,
3843,"NW-G-273","2",,,,,,,,
3844,"NW-G-273","3","McNeil","Mary",,"Lee","00/00/1920","00/00/1989",,
3845,"NW-G-274","1",,,,,,,,
3846,"NW-G-274","2","Sheldon","Lucy",,"Watts","00/00/1906","00/00/1989",,
3847,"NW-G-274","3","Sheldon,","John","G.",,"11/01/1902","09/29/1984"," Jr.",
3848,"NW-G-275","1",,,,,,,,
3849,"NW-G-275","2",,,,,,,,
3850,"NW-G-275","3",,,,,,,,
3851,"NW-G-275","4",,,,,,,,
3852,"NW-G-276-A","1","Parker","Timmy","Michael",,"09/15/1959","01/21/1993",,
3853,"NW-G-276-B","1",,,,,,,,
3854,"NW-G-276-B","2",,,,,,,,
3855,"NW-G-276-C","1","Prosser","Annie",,"King","00/00/1945","00/00/1993",,
3856,"NW-G-277-A","1",,,,,,,,
3857,"NW-G-277-A","2","McCracken","George","Richard",,"04/03/1941","06/17/2013",,
3858,"NW-G-277-B","1",,,,,,,,
3859,"NW-G-277-B","2","Florkiewicz","Thomas","Henry",,"10/10/1954","01/11/2014",,
3860,"NW-G-278","1","Brown","James","Eugene",,"09/10/1948","01/12/2014",,
3861,"NW-G-278","2","Brown","Vincent","Edward",,"04/28/1973","03/18/1993",,
3862,"NW-G-278","3",,,,,,,,
3863,"NW-G-278","4","Brown","James","Edgar",,"04/18/1926","06/16/2017",,
3864,"NW-G-279","1",,,,,,,,
3865,"NW-G-279","2",,,,,,,,
3866,"NW-G-279","3",,,,,,,,
3867,"NW-G-279","4",,,,,,,,
3868,"NW-G-280-A","1","Gibbs","Horace",,,"06/07/1920","08/08/1996",,
3869,"NW-G-280-A","2","McCarthy","Willie",,"Gibbs","03/10/1918","06/28/2008",,
3870,"NW-G-280-A","3","McCarthy","Roderick","Wayne",,"10/11/1955","09/19/2013","Sr",
3871,"NW-G-280-B","1",,,,,,,,
3872,"NW-G-281","1",,,,,,,,
3873,"NW-G-281","2",,,,,,,,
3874,"NW-G-281","3",,,,,,,,
3875,"NW-G-281","4","Singleton","Martina","Nicole",,"02/20/1983","03/18/2013",,
3876,"NW-G-282","1",,,,,,,,
3877,"NW-G-283","1","Frink","Mary","Louise","Jones","10/22/1918","12/06/1985",,
3878,"NW-G-284","1",,,,,,,,
3879,"NW-G-285","1","Fulwood","Lewis","Herbert",,"02/05/1931","12/26/1988",,
3880,"NW-G-286","1","Bellamy","Ethel",,"Hankins","12/10/1902","07/13/1979",,
3881,"NW-G-287","1","Mills","Robert",,,"00/00/1902","00/00/1978",,
3882,"NW-G-288","1","McCracken","Eddie",,,"08/02/1939","10/17/1978",,
3883,"NW-G-289","1","Echols","Hettie","G.",,"09/05/1920","12/06/1987",,
3884,"NW-G-290","1","Floyd","Rosa","Marie",,"09/18/1934","01/14/1979",,
3885,"NW-G-291","1","St. George","Russell","S.",,"08/19/1909","12/27/1981",,
3886,"NW-G-292","1","Hankins","Warren","Elmer",,"12/24/1919","11/15/1978",,
3887,"NW-G-293","1","Hankins","Annie","Ruth",,"10/16/1929","11/19/1979",,
3888,"NW-G-294","1","Frink","Albert",,,"03/05/1912","03/16/1980",,
3889,"NW-G-295","1","Henderson","Christine",,"Werren",,,,
3890,"NW-G-296","1","Hankins","Mary",,,"00/00/1931","00/00/1992",,
3891,"NW-G-296","2","Hankins","Nelson",,,,,,
3892,"NW-G-297","1","Fullwood","Hazel","S.",,"01/26/1917","02/27/1980",,
3893,"NW-G-297","2","Fullwood","Benjamin","Levi",,"04/27/1911","11/05/1987",,
3894,"NW-G-298","1","Brown","Margaret",,"Delts","03/25/1928","09/07/2003",,
3895,"NW-G-298","2","Brown","Alfred","N.",,"00/00/1922","00/00/1980",,
3896,"NW-G-299","1","White","Ruby",,"Boles","01/01/1918","02/09/1992",,
3897,"NW-G-299","2","White","Joe","Bill",,"04/05/1923","01/28/1981",,
3898,"NW-G-300","1","Garrett","Katherine",,"St. George","01/26/1897","08/29/1990",,
3899,"NW-G-300","2","Garrett","Guy","Rutherford",,"08/20/1897","02/05/1978",,
3900,"NW-G-301","1","Faulk","Milton","C.",,"09/22/1918","11/22/1976",,
3901,"NW-G-301","2",,,,,,,,
3902,"NW-G-302","1","Lane","Miriam",,"Gore",,"10/06/1986",,
3903,"NW-G-302","2","Lane","Tarsus","DeVaugh",,"00/00/1906","00/00/1976",,
3904,"NW-G-303","1",,,,,,,,
3905,"NW-G-303","2",,,,,,,,
3906,"NW-G-303","3",,,,,,,,
3907,"NW-G-304","1",,,,,,,,
3908,"NW-G-304","2",,,,,,,,
3909,"NW-G-304","3",,,,,,,,
3910,"NW-G-305","1","Brown","Ray","S. ""Tinker""",,"05/27/1935","01/19/1987",,
3911,"NW-G-305","2",,,,,,,,
3912,"NW-G-305","3",,,,,,,,
3913,"NW-G-306","1","White","Christopher","Todd",,"12/19/1960","02/24/1992",,
3914,"NW-G-306","2",,,,,,,,
3915,"NW-G-306","3",,,,,,,,
3916,"NW-G-307","1",,,,,,,,
3917,"NW-G-307","2","Lewis","Catherine","M.",,"12/12/1923","11/08/2020",,
3918,"NW-G-307","3","Lewis","Leonard",,,"04/30/1922","09/26/1987",,
3919,"NW-G-308","1",,,,,,,,
3920,"NW-G-308","2","Greene","Helen",,"Bryant","08/31/1924","11/03/1987",,
3921,"NW-G-308","3","Greene","William","Jacob",,"05/28/1911","07/19/1993",,
3922,"NW-G-309","1","Carmichael","Mrs. Chris","Cloud",,"10/08/1951","11/04/1988",,
3923,"NW-G-309","2","Scaggs","Curtis",,,"11/29/1917","12/14/2004",,
3924,"NW-G-309","3","Scaggs","Hattie",,"Rigsby","11/16/1911","08/09/1985",,
3925,"NW-G-310","1",,,,,,,,
3926,"NW-G-310","2","Cullis","Bessie",,"Ringgold","03/23/1904","05/26/1992",,
3927,"NW-G-310","3","Pennington","Rita","Ann","Cullis","05/15/1937","09/24/2001",,
3928,"NW-G-310","4",,,,,,,,
3929,"NW-G-311","1",,,,,,,,
3930,"NW-G-311","2","Drew","Mary","Elizabeth","Poole","07/20/1937","05/27/2014",,
3931,"NW-G-311","3","Drew","William",,,,,,
3932,"NW-G-311","4",,,,,,,,
3933,"NW-G-312","1",,,,,,,,
3934,"NW-G-312","2","Drew","Charles","Thomas",,"09/09/1955","05/11/2020",,
3935,"NW-G-312","3",,,,,,,,
3936,"NW-G-312","4",,,,,,,,
3937,"NW-G-313","1",,,,,,,,
3938,"NW-G-313","2","Franck","Eula","Mae",,"10/19/1945",,,
3939,"NW-G-313","3","Franck","Cecil","Conover",,"07/04/1945",,,
3940,"NW-G-313","4",,,,,,,,
3941,"NW-G-314-A","1",,,,,,,,
3942,"NW-G-314-A","2",,,,,,,,
3943,"NW-G-314-B","1","Dunkin","Nellie","E.","Wood","03/27/1922","05/08/1996",,
3944,"NW-G-314-B","2","Dunkin","Carolyn","Jean ""Jo""","Dunkin","10/16/1944","02/17/2016",,
3945,"NW-G-315","1",,,,,,,,
3946,"NW-G-315","2","Fields","Nola","Cashwell","Miller","11/02/1952","06/24/2016",,
3947,"NW-G-315","3",,,,,,,,
3948,"NW-G-315","4",,,,,,,,
3949,"NW-G-316","1","Miller","Charles","Anderson",,"00/00/1913","00/00/1986",,
3950,"NW-G-316","2","Miller","Rose",,"Stidham","00/00/1922","00/00/1988",,
3951,"NW-G-316","3","Miller","Robert","Mack",,"09/20/1937","04/15/1998",,
3952,"NW-G-316","4","Addison","Freida","Jane",,"00/00/1927","00/00/1990",,
3953,"NW-G-317","1","Johnson","Marie","M.",,"00/00/1912","00/00/1984",,
3954,"NW-G-317","2","Johnson","Alton","D.",,"00/00/1906","00/00/1980",,
3955,"NW-G-318","1","Thompson","Ruth","Ashley",,"09/22/1923","04/05/1978",,
3956,"NW-G-318","2","Thompson","Wallace","Eugene",,"12/20/1924","10/22/2002",,
3957,"NW-G-319","1","Bowen","Beverly","Joyce","Champion","02/01/1932","12/31/2001",,
3958,"NW-G-319","2","Bowen","James","A.",,"09/24/1923","01/18/1982",,
3959,"NW-G-320","1","Wilmoth","Eula","Mae","Smith","01/18/1923","01/18/2011",,
3960,"NW-G-320","2","Wilmoth","Joseph","Clarence",,"08/12/1921","03/01/1983",,
3961,"NW-G-321","1",,,,,,,,
3962,"NW-G-321","2",,,,,,,,
3963,"NW-G-322","1","Bynum","Catherine",,"Withers","09/17/1907","09/15/1980",,
3964,"NW-G-322","2","Bynum","Henry","Lutterloh",,"05/04/1905","12/17/1980",,
3965,"NW-G-323","1","Kane","Frankie","Joe",,"12/17/1930","09/17/1982",,
3966,"NW-G-323","2","Kane","Claire",,"Cuthbert","11/10/1912","08/13/1987",,
3967,"NW-G-324","1","Hewitt","Evelyna","I.",,"03/26/1921","81/81/982",,
3968,"NW-G-324","2",,,,,,,,
3969,"NW-G-325","1","Aldridge","Victoria",,"Lancaster","08/18/1924","01/10/2004",,
3970,"NW-G-325","2","Aldridge","Harold","Fisher",,"07/18/1923","01/21/1989",,
3971,"NW-G-326","1","Atkinson","Vivian","Mae",,"00/00/1908","00/00/1995",,
3972,"NW-G-326","2","Atkinson","Daniel","Kinchen",,"02/02/1908","00/00/1980",,
3973,"NW-G-327","1",,,,,,,,
3974,"NW-G-327","2",,,,,,,,
3975,"NW-G-328","1",,,,,,,,
3976,"NW-G-328","2",,,,,,,,
3977,"NW-G-329","1","Shaw","Eunice",,"Weaver","01/25/1926","12/28/1993",,
3978,"NW-G-329","2","Shaw","David","Kenneth",,"01/06/1921","08/10/1983",,
3979,"NW-G-330","1","Lykins","Lula",,,"00/00/1907","00/00/1978",,
3980,"NW-G-330","2","Lykins","Norvell",,,"00/00/1910","00/00/1983",,
3981,"NW-G-331","1","Byrd","William","Samuel",,"02/29/1936","10/25/2010",,
3982,"NW-G-331","2","Byrd","Nadine","C.",,"06/15/1938","03/21/1987",,
3983,"NW-G-331","3",,,,,,,,
3984,"NW-G-332","1","McGlamery","Thomas R. 1-28-47/12-","17-84 Grady Weldon,Jr",,"00/00/1942","00/00/1976",,
3985,"NW-G-332","2","McGlamery","Mary",,"Swain","11/17/1916","08/15/1989",,
3986,"NW-G-332","3","McGlamery","Grady","Weldon ""Mac""",,"05/26/1911","03/19/1996",,
3987,"NW-G-333","1","Smith","Barbara",,"McLaurin","00/00/1921","00/00/1996",,
3988,"NW-G-333","2",,,,,,,,
3989,"NW-G-333","3","Smith","Lewis","Holcomb",,"09/09/1915","02/26/1986",,
3990,"NW-G-334","1",,,,,,,,
3991,"NW-G-334","2","Leveritt","Margaret","A","Rich","11/06/1922","04/29/2012",,
3992,"NW-G-334","3","Leveritt,","George","Talmadge",,"12/05/1924","07/30/1990"," Jr.",
3993,"NW-G-335","1","Rogers","Lee","A.",,"00/00/1950",,,
3994,"NW-G-335","2","Rogers","H.","Andrew",,"00/00/1931","00/00/1992",,
3995,"NW-G-335","3","Rogers","L.","Frankie",,"00/00/1944",,,
3996,"NW-G-336","1","Johnson","Lela","G.","Morris/Wilson","08/26/1927","07/07/1990",,
3997,"NW-G-336","2","Morris","Leon","Lanier",,"06/26/1929","12/20/2001",,
3998,"NW-G-336","3","Williams","Dianne","E","Morris","05/05/1945","06/17/2012",,
3999,"NW-G-337","1","Fredricks","Rae","deVaux",,"10/17/1910","02/03/2003",,
4000,"NW-G-337","2","Fredricks","Thomas","deVaux",,"09/10/1905","03/08/1990",,
4001,"NW-G-337","3",,,,,,,,
4002,"NW-G-338","1",,,,,,,,
4003,"NW-G-338","2",,,,,,,,
4004,"NW-G-338","3","Failor","Monda","Louise",,"01/17/1945","03/01/2022",,
4005,"NW-G-338","4","Failor","Cari","Lynn",,"05/18/1969","08/22/1992",,
4006,"NW-G-339","1","Phillips","Elizabeth","F.",,"11/18/1933","06/13/2000",,
4007,"NW-G-339","2","Phillips","Jackson","W.",,"04/27/1928","08/09/1993",,
4008,"NW-G-339","3",,,,,,,,
4009,"NW-G-339","4",,,,,,,,
4010,"NW-G-340-A","1","Rogers","Sophie",,"Jones","11/16/1915","04/24/1993",,
4011,"NW-G-340-A","2","Rogers","Herbert","Franklin",,"09/20/1912","02/07/2001",,
4012,"NW-G-340-B","1",,,,,,,,
4013,"NW-G-340-B","2","Clatterbaugh","Mary",,"Woods","06/27/1925","01/18/2001",,
4014,"NW-G-341-A","1","Irvine","Virginia",,"Holden","12/25/1932","05/29/2005",,
4015,"NW-G-341-A","2","Irvine","William","Wilson",,"01/27/1926","01/10/1994",,
4016,"NW-G-341-B","1","Dancy","Belk","T.",,"02/26/1909","09/13/1993",,
4017,"NW-G-341-B","2","Dancy","William","R.",,"08/09/1905","10/31/1996",,
4018,"NW-G-342-A","1","Davis","Evelyn","L.",,"00/00/1929","00/00/1993",,
4019,"NW-G-342-A","2","Davis","Anthony","Leroy",,"11/17/1925","08/04/2010",,
4020,"NW-G-342-B","1","Hankins","Rev. Edward","A.",,"03/08/1924",,,
4021,"NW-G-342-B","2","Hankins","Sarah","W.",,"06/30/1913","01/09/1994",,
4022,"NW-G-343-A","1",,,,,,,,
4023,"NW-G-343-A","2",,,,,,,,
4024,"NW-G-343-B","1",,,,,,,,
4025,"NW-G-343-B","2",,,,,,,,
4026,"NW-G-344--","1",,,,,,,,
4027,"NW-G-344--","2","Duncan","Berris",,,"09/30/1931","01/27/2002","Jr.",
4028,"NW-G-344--","3","Duncan","Ina","M.",,"02/28/1935",,,
4029,"NW-G-344--","4","Duncan","Mitchell","W.",,"08/20/1955","11/20/1992",,
4030,"NW-G-345--","1","Harkin","John",,,"00/00/1909","00/00/1986",,
4031,"NW-G-346","1","Parker,","Lloyd","Robinson",,"04/22/1914","10/20/1988","Sr.",
4032,"NW-G-347","1","Russell","Emory","Lee",,"06/10/1928","02/15/1986",,
4033,"NW-G-348","1","Gore","Israel","Jeptha",,"06/24/1918","03/19/1987",,
4034,"NW-G-349","1","Gore","Lenora","M",,"12/13/1918","12/31/2004",,
4035,"NW-G-350","1","Parker","William","Edward",,"12/23/1927","06/19/2013","Sr.",
4036,"NW-G-351","1","McMillian","Louis","Leon",,"07/03/1959","03/28/2013","Sr.",
4037,"NW-G-352","1",,,,,,,,
4038,"NW-G-353","1",,,,,,,,
4039,"NW-G-354","1","Lee","Doris Mae 1913/1988","Charles Joseph 1911/","1993",,,,
4040,"NW-G-355","1","Parker","Lillie",,"Alwilder","09/08/1908","09/29/1988",,
4041,"NW-G-356","1",,,,,,,,
4042,"NW-G-357","1","Swain","George","Michael",,"03/21/1931","11/29/1990",,
4043,"NW-G-358","1",,,,,,,,
4044,"NW-G-359","1",,,,,,,,
4045,"NW-G-359","2",,,,,,,,
4046,"NW-G-360","1","Swain","Carroll","T.",,"11/16/1899","09/04/1975",,
4047,"NW-G-360","2","Swain","John","Rutland",,"07/08/1892","12/01/1980",,
4048,"NW-G-361","1","Milewski","Eva","F.",,"01/20/1912","09/19/1981",,
4049,"NW-G-361","2","Milewski","Constant","E.",,"02/08/1908","09/17/1975",,
4050,"NW-G-362","1",,,,,,,,
4051,"NW-G-362","2","Calhoun","Jerry","Lawrence",,"09/06/1940","04/11/1976",,
4052,"NW-G-363","1",,,,,,,,
4053,"NW-G-363","2","McMillion","Eugene","A.",,"09/04/1926","01/31/1976",,
4054,"NW-G-364","1","Pierce","Tammy",,,"01/14/1962","10/07/1981",,
4055,"NW-G-364","2","Pierce","Joseph","Wesley",,"07/11/1960",,,
4056,"NW-G-365","1",,,,,,,,
4057,"NW-G-365","2","Pierce","James","Davis","""Buddy""","09/05/1930","03/16/2001",,
4058,"NW-G-366","1","Smith","Elizabeth",,"Galloway","10/28/1918","12/31/1989",,
4059,"NW-G-366","2","Smith","James","Walker",,"08/25/1929","01/22/1996",,
4060,"NW-G-366","3",,,,,,,,
4061,"NW-G-367","1","Becraft","Evelyn","Bernice",,"12/19/1926","11/14/2003",,
4062,"NW-G-367","2","Becraft","Cecil","Edman",,"06/22/1921","09/23/1989",,
4063,"NW-G-367","3","Becraft","Ray",,,,,,
4064,"NW-G-368","1",,,,,,,,
4065,"NW-G-368","2","Alley","Lacy","Eugene",,"08/27/1954","03/10/2013",,
4066,"NW-G-368","3",,,,,,,,
4067,"NW-G-369","1",,,,,,,,
4068,"NW-G-369","2",,,,,,,,
4069,"NW-G-369","3",,,,,,,,
4070,"NW-G-370","1","Parker",,,,,,,
4071,"NW-G-370","2","Parker","Flossie",,"Smith","07/20/1929","09/24/2014",,
4072,"NW-G-370","3","Parker","Herbert",,,"08/04/1925","01/19/1991",,
4073,"NW-G-371","1",,,,,,,,
4074,"NW-G-371","2","Champion","Ellen",,"Shytle","04/30/1930",,,
4075,"NW-G-371","3","Champion","Lamar","Geran",,"07/04/1927","08/15/1990",,
4076,"NW-G-372","1",,,,,,,,
4077,"NW-G-372","2",,,,,,,,
4078,"NW-G-372","3","Edwards","James","Wilbur",,"02/29/1920","01/18/1983",,
4079,"NW-G-373","1",,,,,,,,
4080,"NW-G-373","2","LeClerc","Darla","A.",,"01/18/1952",,,
4081,"NW-G-373","3","LeClerc","Arthur","B. ""Butch""",,"11/26/1942","09/28/1993",,
4082,"NW-G-373","4",,,,,,,,
4083,"NW-G-374","1","Richards","Carlyle","H.",,"04/11/1941","04/11/1984",,
4084,"NW-G-374","2","Richards","Mary",,"Nicol","12/24/1909","06/09/1996",,
4085,"NW-G-374","3","Richards","John","Alfred",,"11/11/1944","05/06/2016",,
4086,"NW-G-374","4",,,,,,,,
4087,"NW-G-375","1",,,,,,,,
4088,"NW-G-375","2",,,,,,,,
4089,"NW-G-375","3",,,,,,,,
4090,"NW-G-375","4",,,,,,,,
4091,"NW-G-376","1","Clary","Gladys","Florence",,"11/30/1915","07/01/2008",,
4092,"NW-G-376","2","Clary","William","Edward",,"05/06/1914","01/27/1994",,
4093,"NW-G-376","3",,,,,,,,
4094,"NW-G-376","4","Clary","Carolyn",,,"02/06/1949","07/17/2010",,
4095,"NW-G-377","1",,,,,,,,
4096,"NW-G-377","2",,,,,,,,
4097,"NW-G-377","3","Sherrod","William","Jacob",,"05/31/2002","05/31/2002",,
4098,"NW-G-377","4","Sherrod","Jerry","Sellers",,"06/10/1940","06/03/1979",,
4099,"NW-G-378","1",,,,,,,,
4100,"NW-G-378","2",,,,,,,,
4101,"NW-G-378","3",,,,,,,,
4102,"NW-G-378","4",,,,,,,,
4103,"NW-G-379","1","Walcott","Irene","Louise","Elston","07/12/1942","09/18/2006",,
4104,"NW-G-379","2","Walcott","Malcolm",,,"02/26/1937","01/31/2022",,
4105,"NW-G-379","3",,,,,,,,
4106,"NW-G-379","4",,,,,,,,
4107,"NW-G-380","1","McHose","Donald","Greer",,"09/04/1929","01/06/1975",,
4108,"NW-G-381","1",,,,,,,,
4109,"NW-G-382","1","Sherrod","Charles","Baxter",,"04/19/1966","09/04/1978",,
4110,"NW-G-383","1","Stewart","Melvin","Lee",,"01/12/1954","07/31/1988",,
4111,"NW-G-384","1",,,,,,,,
4112,"NW-G-385","1","Wilson","Alfred",,,"00/00/1908","00/00/1988",,
4113,"NW-G-386","1","Pigg,","Earl","James",,"03/12/1947","06/10/1989","Jr.",
4114,"NW-H-001","1","Brown","Alice",,"Parker","05/26/1924","04/30/1994",,
4115,"NW-H-001","2","Brown","Willie",,,"10/26/1924","04/14/2005",,
4116,"NW-H-002","1","McCracken","Archie",,,"00/00/1947","00/00/1994",,
4117,"NW-H-002","2","McCracken","Patricia",,,"01/10/1944","05/23/2008",,
4118,"NW-H-003","1","Holmes,","George","Murray",,"05/01/1918","07/09/1994","Sr.",
4119,"NW-H-003","2","Holmes","Juliette","H.",,"00/00/1921","11/11/2000",,
4120,"NW-H-004","1","Parker","Willie",,,"08/10/1934","10/02/2022",,
4121,"NW-H-004","2","Parker","Earla","Maye",,"09/08/1938","07/11/1994",,
4122,"NW-H-005","1",,,,,,,,
4123,"NW-H-005","2","Ramsey","Harvey","Goodwin",,"03/05/1939","08/01/1994",,
4124,"NW-H-006","1","McMillan","Frances","P.",,"02/07/1930","02/12/2008",,
4125,"NW-H-006","2","McMillan","Robert",,,"00/00/1928","00/00/1994",,
4126,"NW-H-007","1","Davis","Charles","H.",,"09/25/1958","01/11/1996",,
4127,"NW-H-008","1","Brown","Maggie","Muriel",,"04/17/1925","01/28/1996",,
4128,"NW-H-009","1","Lee","Ralph","L.",,"00/00/1939","00/00/1995",,
4129,"NW-H-010","1","Williams","Gertrude","Betty",,"01/11/1932","04/08/1995",,
4130,"NW-H-011","1","Parker","Josephine",,,"01/05/1906","01/13/1995",,
4131,"NW-H-012","1","McNeil","Lovie","Gertrude",,"11/06/1924","07/16/1994",,
4132,"NW-H-013","1","Gilmore","Mozella",,"Williams","11/21/1919","12/17/2001",,
4133,"NW-H-013","2","Wellington","Catherine",,"Williams","01/19/1932",,,
4134,"NW-H-014","1",,,,,,,,
4135,"NW-H-014","2",,,,,,,,
4136,"NW-H-015","1","Holmes","Connie","L.",,"02/09/1945","11/10/1995",,
4137,"NW-H-015","2","Cowan","Georgia","Irene",,"05/30/1923","12/22/2001",,
4138,"NW-H-016","1",,,,,,,,
4139,"NW-H-016","2","Morris","William","Henry",,"02/27/1930","07/14/1996",,
4140,"NW-H-017","1","Davis","Marie","Elizabeth","Evans","04/15/1924","04/14/2002",,
4141,"NW-H-017","2","McNeil","James","O.",,"12/26/1925","09/09/1996",,
4142,"NW-H-018","1",,,,,,,,
4143,"NW-H-018","2",,,,,,,,
4144,"NW-H-019","1",,,,,,,,
4145,"NW-H-019","2",,,,,,,,
4146,"NW-H-020","1","Brown","Carolyn",,,"06/10/1949","05/03/2004",,
4147,"NW-H-020","2","Clemmons","Ronald","Steward",,"03/01/1947","03/30/2006",,
4148,"NW-H-021","1",,,,,,,,
4149,"NW-H-021","2",,,,,,,,
4150,"NW-H-022","1","Swain","Alvin","Lincoln",,"08/26/1923","12/28/2000","Sr.",
4151,"NW-H-022","2","Swain","Erna",,"Smith","11/24/1927","12/18/2015",,
4152,"NW-H-023","1","Sellers","Lynn",,"Ruark","01/02/1948","05/10/2014",,
4153,"NW-H-023","2","Sellers","James","Michael",,"02/28/1945","04/07/2019","Sr.",
4154,"NW-H-024","1","Ruark","Mary","E.","Upchurch","06/30/1917","04/19/1998",,
4155,"NW-H-024","2","Ruark,","Asa","Dosher",,"08/25/1916","05/06/1995"," Jr.",
4156,"NW-H-025","1",,,,,,,,
4157,"NW-H-026","1","Smith","Heberto",,,"11/08/1920","06/28/2008",,
4158,"NW-H-027","1","Lenahan","Christine","A.",,"02/27/1933","05/05/2010",,
4159,"NW-H-028","1","Lenahan","Michael","James",,"04/04/1933","10/11/2016",,
4160,"NW-H-029","1","Lenahan","Peter","Thomas",,"04/13/1961","12/05/1998",,
4161,"NW-H-030","1","Gore","Zuella",,"Frink","04/11/1921","05/10/1995",,
4162,"NW-H-031","1","Joyner","Charles","Leon",,"06/17/1942","08/05/2000",,
4163,"NW-H-032","1",,,,,,,,
4164,"NW-H-033","1",,,,,,,,
4165,"NW-H-034","1","Galloway","Julius",,,,"08/23/2000",,
4166,"NW-H-035","1",,,,,,,,
4167,"NW-H-036","1","Frink","Clinton","Lindell",,"06/21/1959","09/07/2002",,
4168,"NW-H-037","1","Brown","Janice","Lee","Frink","01/30/1957","08/20/2012",,
4169,"NW-H-037","2",,,,,,,,
4170,"NW-H-038","1",,,,,,,,
4171,"NW-H-038","2",,,,,,,,
4172,"NW-H-039","1",,,,,,,,
4173,"NW-H-039","2",,,,,,,,
4174,"NW-H-040","1","Goforth","Giles Andrew","Alan",,"04/23/1960","05/08/1999",,
4175,"NW-H-040","2",,,,,,,,
4176,"NW-H-041","1",,,,,,,,
4177,"NW-H-041","2",,,,,,,,
4178,"NW-H-042","1",,,,,,,,
4179,"NW-H-042","2",,,,,,,,
4180,"NW-H-043","1",,,,,,,,
4181,"NW-H-043","2","Nash","Faye",,"Gore","09/14/1941","05/20/1999",,
4182,"NW-H-044","1",,,,,,,,
4183,"NW-H-044","2","Wells","Linda",,"Wilmoth","11/12/1949","10/06/1999",,
4184,"NW-H-045","1","Gore,","Harry","Wellington",,"09/07/1922","02/21/2001","Sr.",
4185,"NW-H-045","2",,,,,,,,
4186,"NW-H-046","1",,,,,,,,
4187,"NW-H-046","2","Fravel","Kenneth","Ray",,"10/07/1936","06/02/2003",,
4188,"NW-H-047","1","Burton","Billy","Farrington",,"05/22/1928","08/01/2003",,
4189,"NW-H-047","2","Burton","Lou","Etta","Morris","01/20/1934","04/27/2000",,
4190,"NW-H-048","1","Long","Mae",,"Morris","09/03/1925","03/27/2010",,
4191,"NW-H-048","2","Ward","Margie","Rebecca","McRoy","11/01/1930","03/28/2006",,
4192,"NW-H-049","1","McDowell","Rita","Diane",,"12/06/1959","04/17/2003",,
4193,"NW-H-050","1","Beheler","Ruby",,"Brown","06/09/1913","11/19/1997",,
4194,"NW-H-051","1","Jackson","Celestine",,,"06/21/1930","02/08/2006",,
4195,"NW-H-052","1","Jackson","Mary","Inez","Slade","09/29/1927","05/25/2004",,
4196,"NW-H-053","1","Deats","Clayton","Van Doren","""Bud""","11/15/1925","09/22/2004",,
4197,"NW-H-054","1","Nash","Jeffery","Brian",,"02/19/1968","03/10/1995",,
4198,"NW-H-055","1","Haney","Jack","Gilbert",,"08/28/1938","01/20/1999","Sr.",
4199,"NW-H-056","1",,,,,,,,
4200,"NW-H-057","1",,,,,,,,
4201,"NW-H-058","1","Cummings","Michael","McKeithan",,"08/20/1984","03/01/2001",,
4202,"NW-H-059","1","Bellamy","Kenneth",,,"08/10/1929","08/31/2015",,
4203,"NW-H-059","2","Bellamy","Malissa","Jane",,"09/04/1931","04/25/2020",,
4204,"NW-H-059","3",,,,,,,,
4205,"NW-H-059","4","Wilson","Barbara",,,"08/06/1938","11/15/2022",,
4206,"NW-H-060","1",,,,,,,,
4207,"NW-H-060","2","Prevatte","Katherine",,"Upchurch","07/09/1944","03/19/1998",,
4208,"NW-H-060","3","Prevatte","James",,,,,,
4209,"NW-H-060","4",,,,,,,,
4210,"NW-H-061","1","Swain","Aaron","Thomas",,"00/00/1969","00/00/1997",,
4211,"NW-H-061","2","Swain","Leola",,,"12/25/1939","01/16/2003",,
4212,"NW-H-061","3",,,,,,,,
4213,"NW-H-061","4",,,,,,,,
4214,"NW-H-062","1",,,,,,,,
4215,"NW-H-062","2","Swan","Victoria","Marie",,"03/20/1954","11/28/2008",,
4216,"NW-H-062","3","Swan","Myrtle",,"Taylor","07/22/1913","01/19/1995",,
4217,"NW-H-062","4","Swan","Augustus","Norton",,"08/21/1915","09/17/2002",,
4218,"NW-H-063","1","Bennett","Charles","J.",,"05/16/1923","05/05/1992",,
4219,"NW-H-064","1","Barton","George","Dean",,"05/20/1958","07/31/2002",,
4220,"NW-H-065","1","Leggett,","Charles","Lynwood",,"02/22/1935","12/17/2000","Sr.",
4221,"NW-H-066","1","Sinclair","Grover","Maurice",,"05/08/1934","08/31/1998",,
4222,"NW-H-067","1","Clevenger","Loretta",,"Gollette","12/02/1921","11/15/2006",,
4223,"NW-H-067","2","Clevenger","Robert","Neal",,"05/18/1908","08/06/1994",,
4224,"NW-H-068","1",,,,,,,,
4225,"NW-H-068","2",,,,,,,,
4226,"NW-H-069","1",,,,,,,,
4227,"NW-H-069","2",,,,,,,,
4228,"NW-H-070","1",,,,,,,,
4229,"NW-H-070","2",,,,,,,,
4230,"NW-H-071","1",,,,,,,,
4231,"NW-H-071","2",,,,,,,,
4232,"NW-H-072","1","Gould","Paul","William",,"11/03/1972","03/06/1997",,
4233,"NW-H-072","2",,,,,,,,
4234,"NW-H-073","1","Piper","Dorothy","Rose","Rankin","06/14/1917","01/20/2015",,
4235,"NW-H-073","2",,,,,,,,
4236,"NW-H-074","1",,,,,,,,
4237,"NW-H-074","2",,,,,,,,
4238,"NW-H-075","1","Miller","Alexander","Coke",,"09/15/1915","04/21/1999",,
4239,"NW-H-075","2","Miller","Willie","Hemmings",,"09/24/1915","12/04/1999",,
4240,"NW-H-076","1",,,,,,,,
4241,"NW-H-076","2","Gore","Annie","Elizabeth","Frink","10/19/1942","10/20/2016",,
4242,"NW-H-077","1",,,,,,,,
4243,"NW-H-077","2",,,,,,,,
4244,"NW-H-078","1",,,,,,,,
4245,"NW-H-078","2","Smith","David","Bradley",,"07/30/1960","09/13/1994",,
4246,"NW-H-079","1","Bevel","LaVada",,"Helton","02/25/1919","09/02/2014",,
4247,"NW-H-079","2","Bevel","Morris","Eugene",,"08/08/1917","07/05/2005",,
4248,"NW-H-079","3",,,,,,,,
4249,"NW-H-080","1",,,,,,,,
4250,"NW-H-080","2","Bevel","Morris","Eugene",,"08/25/1941","12/14/2008"," Jr.",
4251,"NW-H-080","3",,,,,,,,
4252,"NW-H-081","1",,,,,,,,
4253,"NW-H-081","2",,,,,,,,
4254,"NW-H-081","3",,,,,,,,
4255,"NW-H-082","1",,,,,,,,
4256,"NW-H-082","2",,,,,,,,
4257,"NW-H-082","3",,,,,,,,
4258,"NW-H-083","1","Vance","Ralph","Jennings",,"06/15/1933","02/26/2007",,
4259,"NW-H-083","2","Vance","Reva","Faye",,"06/16/1935","10/28/2010",,
4260,"NW-H-083","3","Vance","Larry","Allen",,"09/25/2010","10/18/2014",,
4261,"NW-H-084","1","Small","Alla","Kay","Parker","01/23/1942","01/12/2019",,
4262,"NW-H-084","2","Russ","John","Joseph",,"05/11/1940","02/21/2019",,
4263,"NW-H-084","3",,,,,,,,
4264,"NW-H-085","1",,,,,,,,
4265,"NW-H-085","2",,,,,,,,
4266,"NW-H-086","1",,,,,,,,
4267,"NW-H-086","2",,,,,,,,
4268,"NW-H-087","1","Stanley","Olida","S.",,"05/22/1925","10/08/1997",,
4269,"NW-H-087","2","Stanley","James","Elmer",,"10/13/1925","07/16/2016",,
4270,"NW-H-088","1",,,,,,,,
4271,"NW-H-088","2",,,,,,,,
4272,"NW-H-089","1","Gallop","Jeaneanne",,"Newnam","12/25/1932","01/23/2006",,
4273,"NW-H-089","2","Gallop","Floyd",,,,,,
4274,"NW-H-090","1","Middleton","Kyra","Ann","Schmidt","12/10/1947","03/25/1998",,
4275,"NW-H-090","2","Whittington","Thomas","Dixon",,"06/27/1969","08/11/2005",,
4276,"NW-H-091","1","Beacham","James","Randall",,"03/14/1944","04/17/2000",,
4277,"NW-H-091","2",,,,,,,,
4278,"NW-H-092","1","Parker","Maggie","Alberta","Cowan","04/28/1929","09/30/2006",,
4279,"NW-H-092","2","Parker","Sabrina","Lavette",,"02/15/1967","06/25/2014",,
4280,"NW-H-093","1","Helbig","Jackson","C",,"01/16/2006","06/05/2010",,
4281,"NW-H-093","2",,,,,,,,
4282,"NW-H-094","1",,,,,,,,
4283,"NW-H-094","2",,,,,,,,
4284,"NW-H-095","1",,,,,,,,
4285,"NW-H-095","2","Cromartie","Marguline","Rose","Stanley","09/03/1950","08/07/1978",,
4286,"NW-H-096","1",,,,,,,,
4287,"NW-H-096","2",,,,,,,,
4288,"NW-H-097","1","Hankins","Margaret",,,,,,
4289,"NW-H-098","1","Fullwood","James","Norris",,"07/11/1945","08/05/2009",,
4290,"NW-H-099","1","Parker","George","Harrison",,"03/17/1934","07/16/2007",,
4291,"NW-H-100","1","Gore","Brenda","Ann",,"06/30/1954","10/27/2022",,
4292,"NW-H-101","1","Garrett","George","Kenneth",,"12/05/1934","02/22/2006",,
4293,"NW-H-102","1","Hartwig","Esther","Marie","Kiplinger","04/14/1905","11/24/1996",,
4294,"NW-H-103","1","Ezzell","Wiliam","David",,"08/11/1944","07/01/1996",,
4295,"NW-H-104","1",,,,,,,,
4296,"NW-H-105","1",,,,,,,,
4297,"NW-H-106","1",,,,,,,,
4298,"NW-H-107","1",,,,,,,,
4299,"NW-H-108","1",,,,,,,,
4300,"NW-H-109","1",,,,,,,,
4301,"NW-H-109","2",,,,,,,,
4302,"NW-H-110","1",,,,,,,,
4303,"NW-H-110","2",,,,,,,,
4304,"NW-H-111","1",,,,,,,,
4305,"NW-H-111","2",,,,,,,,
4306,"NW-H-112","1","Swain","Dearmond",,,"11/11/1918","01/02/2000",,
4307,"NW-H-112","2","Swain","Rubye",,"Vest","08/12/1913","11/03/2004",,
4308,"NW-H-113","1",,,,,,,,
4309,"NW-H-113","2","Swain","Judith","Ann","Miller","08/24/1944","06/14/2016",,
4310,"NW-H-114","1",,,,,,,,
4311,"NW-H-114","2",,,,,,,,
4312,"NW-H-115","1",,,,,,,,
4313,"NW-H-115","2",,,,,,,,
4314,"NW-H-116","1",,,,,,,,
4315,"NW-H-116","2",,,,,,,,
4316,"NW-H-117","1","Schronce","Johnnie","Faye",,"03/01/1938","01/31/2003",,
4317,"NW-H-117","2","Schronce","Lavonne","Earl",,"06/23/1934","08/08/2007",,
4318,"NW-H-118","1",,,,,,,,
4319,"NW-H-118","2",,,,,,,,
4320,"NW-H-119","1",,,,,,,,
4321,"NW-H-119","2",,,,,,,,
4322,"NW-H-120","1",,,,,,,,
4323,"NW-H-120","2",,,,,,,,
4324,"NW-H-121","1",,,,,,,,
4325,"NW-H-122","1",,,,,,,,
4326,"NW-H-123","1","Smith","Teddie","Albert",,"03/16/1950","09/19/2011",,
4327,"NW-H-124","1","Chaffin","Felicity Grace","Eden",,"10/29/2007","10/31/2007",,
4328,"NW-H-125","1",,,,,,,,
4329,"NW-H-126","1",,,,,,,,
4330,"NW-H-127","1","Caster","Lois","Jane","Sellers","04/20/1944","12/08/2012",,
4331,"NW-H-128","1","Caster","Ronald","Paul",,,,,
4332,"NW-H-129","1","Perry","Donald","Davis",,"02/10/1943","03/06/2019","III",
4333,"NW-H-130","1","Caster","Etha",,"Basinger","10/07/1919","06/07/2004",,
4334,"NW-H-131","1","Caster","Lee","Berlin",,"12/09/1916","02/23/1995",,
4335,"NW-H-132","1",,,,,,,,
4336,"NW-H-132","2","Blair","Kristi","Denise",,"08/04/1965","04/13/1995",,
4337,"NW-H-132","3","i",,,,,,,
4338,"NW-H-132","4",,,,,,,,
4339,"NW-H-133","1",,,,,,,,
4340,"NW-H-133","2",,,,,,,,
4341,"NW-H-133","3",,,,,,,,
4342,"NW-H-133","4",,,,,,,,
4343,"NW-H-134","1",,,,,,,,
4344,"NW-H-134","2",,,,,,,,
4345,"NW-H-134","3",,,,,,,,
4346,"NW-H-134","4",,,,,,,,
4347,"NW-H-135",,,,,,,,,
4348,"NW-H-135","1",,,,,,,,
4349,"NW-H-135","2",,,,,,,,
4350,"NW-H-135","3",,,,,,,,
4351,"NW-H-135","4",,,,,,,,
4352,"NW-H-136","1","King","Sallie","Faye","Thomas","01/05/1945","04/28/2000",,
4353,"NW-H-137","1","King","Rufus","Vonnie",,"10/31/1937","09/05/1998",,
4354,"NW-H-138","1","Buchanan","Margareta",,"Eicherber","01/27/1929","07/24/2007",,
4355,"NW-H-139","1",,,,,,,,
4356,"NW-H-140","1","McNeil","Larry","Darnell",,"09/28/1956","06/22/2009",,
4357,"NW-H-141","1",,,,,,,,
4358,"NW-H-142","1",,,,,,,,
4359,"NW-H-143","1","Davis","Mandy","Leeanne",,"06/02/1980","06/08/2001",,
4360,"NW-H-144","1",,,,,,,,
4361,"NW-H-145","1","Myers","Jeffrey","Wayne",,"07/29/1981","10/12/1996",,
4362,"NW-H-146","1",,,,,,,,
4363,"NW-H-147","1","McCracken","James","Cisro",,"06/21/1930","01/14/2001",,
4364,"NW-H-148","1","Hankins","Marcus","Lyndon",,"12/26/1962","04/25/1997",,
4365,"NW-H-149","1","Smith","Francis","Walter",,"12/14/1928","10/11/2013",,
4366,"NW-H-150","1","Stanzlaus","Harold","Donald",,"03/14/1945","02/04/2010",,
4367,"NW-H-151","1","Callahan","Jo-Ann","""Fluffy""",,"00/00/1941","00/00/1994",,
4368,"NW-H-151","2",,,,,,,,
4369,"NW-H-151","3",,,,,,,,
4370,"NW-H-152","1","Brooks","Fredrick","James",,"02/16/1970","02/17/1997",,
4371,"NW-H-152","2",,,,,,,,
4372,"NW-H-153","1",,,,,,,,
4373,"NW-H-153","2",,,,,,,,
4374,"NW-H-154","1","Silveira","Joseph","Henry",,"06/30/1928","09/25/2011",,
4375,"NW-H-154","2","Silveira","Mildred","Evangeline",,"10/10/1924","06/28/2011",,
4376,"NW-H-155","1","McCracken","Herman","Ephriam",,"07/11/1936","06/17/2001",,
4377,"NW-H-155","2","McCracken","Saundra","J.","Morris","02/19/1935","12/27/2000",,
4378,"NW-H-156","1",,,,,,,,
4379,"NW-H-156","2",,,,,,,,
4380,"NW-H-157","1",,,,,,,,
4381,"NW-H-157","2",,,,,,,,
4382,"NW-H-157","3",,,,,,,,
4383,"NW-H-158","1",,,,,,,,
4384,"NW-H-158","2","Lucas","Hazel",,"Whitaker","01/14/1924","06/04/2006",,
4385,"NW-H-158","3",,,,,,,,
4386,"NW-H-159","1",,,,,,,,
4387,"NW-H-159","2","Dove","Jerry","Van",,"08/26/1945","06/16/2022",,
4388,"NW-H-159","3",,,,,,,,
4389,"NW-H-160","1","Hankins","Norman",,,"05/03/1934","09/20/2016",,
4390,"NW-H-160","2",,,,,,,,
4391,"NW-H-160","3",,,,,,,,
4392,"NW-H-161","1","Matthis","Jesse","Robert",,"00/00/1927","08/30/2007",,
4393,"NW-H-161","2","Matthis","Katie","""Inez""","Phelps","05/12/1925","12/04/1995",,
4394,"NW-H-161","3",,,,,,,,
4395,"NW-H-162","1",,,,,,,,
4396,"NW-H-162","2",,,,,,,,
4397,"NW-H-162","3",,,,,,,,
4398,"NW-H-163","1","Werner","Doris",,"Huggins","10/14/1922","07/02/1995",,
4399,"NW-H-163","2","Werner","Davis","Allen",,"02/24/1921",,,
4400,"NW-H-164","1",,,,,,,,
4401,"NW-H-164","2",,,,,,,,
4402,"NW-H-165","1",,,,,,,,
4403,"NW-H-165","2",,,,,,,,
4404,"NW-H-166","1","Johnson","Donald","Knute","""Grumpy Grandpa""","00/00/1930","10/12/2002",,
4405,"NW-H-166","2","Johnson","Elizabeth",,"Briggs","06/04/1939","11/10/2010",,
4406,"NW-H-167","1",,,,,,,,
4407,"NW-H-167","2",,,,,,,,
4408,"NW-H-168","1","Fields","Charlie","B.",,"07/07/1931","03/21/2006",,
4409,"NW-H-168","2","Fields","Faye",,"Bush","07/25/1937","01/26/2015",,
4410,"NW-H-169","1","Hargrove","William","T",,"01/04/1945","11/30/2008",,
4411,"NW-H-169","2",,,,,,,,
4412,"NW-H-170","1",,,,,,,,
4413,"NW-H-170","2",,,,,,,,
4414,"NW-H-171","1","Shrewsbury","Stephanie","Lynn",,"04/21/1979","11/19/1995",,
4415,"NW-H-171","2",,,,,,,,
4416,"NW-H-172","1",,,,,,,,
4417,"NW-H-172","2",,,,,,,,
4418,"NW-H-173","1",,,,,,,,
4419,"NW-H-173","2",,,,,,,,
4420,"NW-H-174","1","Walton","Charlotte",,"Spencer","03/24/1935","01/22/2001",,
4421,"NW-H-174","2","Walton","Joseph","William",,"09/24/1929","12/25/1995",,
4422,"NW-H-175","1","Spencer","Eloise",,"Lewis","09/15/1933","01/14/2005",,
4423,"NW-H-175","2","Spencer","Harold","Travis",,"08/26/1933","08/01/2021",,
4424,"NW-H-176","1",,,,,,,,
4425,"NW-H-176","2","Thompson","Richard","Lee",,"09/15/1939","02/27/2008",,
4426,"NW-H-177","1",,,,,,,,
4427,"NW-H-177","2",,,,,,,,
4428,"NW-H-178","1",,,,,,,,
4429,"NW-H-178","2","Reynolds","Buford","Madison",,"10/24/1927","06/05/2010",,
4430,"NW-H-179","1",,,,,,,,
4431,"NW-H-179","2",,,,,,,,
4432,"NW-H-180","1","Webb","Jerry","Wayne",,"07/03/1948","04/09/2009",,
4433,"NW-H-180","2",,,,,,,,
4434,"NW-H-181","1",,,,,,,,
4435,"NW-H-181","2",,,,,,,,
4436,"NW-H-182","1",,,,,,,,
4437,"NW-H-182","2",,,,,,,,
4438,"NW-H-183","1",,,,,,,,
4439,"NW-H-183","2","Swain","Helen","Lood","Sinconiegue","02/20/1952","01/04/2008",,
4440,"NW-H-184","1","Stidham","Carl","Vernon",,"05/29/1928","07/02/2012","Sr",
4441,"NW-H-184","2","Stidham","Perlina","C","Causey","03/13/1927","08/05/2012",,
4442,"NW-H-185","1",,,,,,,,
4443,"NW-H-185","2",,,,,,,,
4444,"NW-H-186","1","Swain","Goldie","Faye","Stidham","07/20/1925","09/03/2005",,
4445,"NW-H-186","2","Swain","Truman","Porter",,"08/21/1933","10/22/2012","Jr.",
4446,"NW-H-187","1",,,,,,,,
4447,"NW-H-187","2",,,,,,,,
4448,"NW-H-188","1",,,,,,,,
4449,"NW-H-188","2",,,,,,,,
4450,"NW-H-189","1","Floyd","Anne","M.","Thomas","04/19/1926","06/27/2005",,
4451,"NW-H-189","2","Floyd,","Cpo. Herman","Lanneau",,"03/09/1930","08/17/2016","Sr.",
4452,"NW-H-190","1",,,,,,,,
4453,"NW-H-190","2",,,,,,,,
4454,"NW-H-191","1","Saunders, /","Gordon.","Wayne","09/22/1968/d12/15/06",,,"Jr.",
4455,"NW-H-191","2","Saunders","Julia","Ann","Watson","08/16/1942","10/08/2020",,
4456,"NW-H-192-","1","Poppe","Gertrude","H.",,"00/00/1924","00/00/1980",,
4457,"NW-H-192-","2","Poppe","Walter","S.",,"00/00/1922","00/00/1995",,
4458,"NW-H-193","1","Willis","Herbert","G.",,"10/01/1935","03/03/1996",,
4459,"NW-H-194","1","Faulk","Clyde","Allen",,"01/14/1959","12/22/2005",,
4460,"NW-H-195","1","Floyd,","Herman","L",,"10/20/1954","11/13/1998","Jr.",
4461,"NW-H-196","1","Floyd","Ruth","Causette",,"10/09/1913","03/07/2001",,
4462,"NW-H-197","1","Champion","Nancy",,,"06/05/1935","12/09/1995",,
4463,"NW-H-198","1",,,,,,,,
4464,"NW-H-199","1","Ryan","Rose","Gregory",,"09/17/1922","06/21/2009",,
4465,"NW-H-200","1",,,,,,,,
4466,"NW-H-201","1","Brown","June","Gotlieb","Hannon","06/10/1930","12/04/2015",,
4467,"NW-H-202","1",,,,,,,,
4468,"NW-H-203","1",,,,,,,,
4469,"NW-H-204","1","Young","Robert",,,,,,
4470,"NW-H-204","2","Young","Elizabeth",,"Williams","10/23/1934","10/04/2007",,
4471,"NW-H-204","3",,,,,,,,
4472,"NW-H-204","4",,,,,,,,
4473,"NW-H-205","1","Davis","E.","J.",,"03/06/1938","07/28/2007",,
4474,"NW-H-205","2",,,,,,,,
4475,"NW-H-205","3",,,,,,,,
4476,"NW-H-205","4",,,,,,,,
4477,"NW-H-206","1",,,,,,,,
4478,"NW-H-206","2",,,,,,,,
4479,"NW-H-206","3",,,,,,,,
4480,"NW-H-206","4",,,,,,,,
4481,"NW-H-207","1","Neal","Gerry","Wayne (Pac-Man)",,"12/18/1947","02/23/2006",,
4482,"NW-H-207","2","Neal","Barbara",,"Dawson",,,,
4483,"NW-H-207","3","Dawson","Sidney","Alphis",,"04/26/1952","03/26/2020",,
4484,"NW-H-207","4",,,,,,,,
4485,"NW-H-208","1",,,,,,,,
4486,"NW-H-209","1",,,,,,,,
4487,"NW-H-210","1",,,,,,,,
4488,"NW-H-211","1",,,,,,,,
4489,"NW-H-212","1",,,,,,,,
4490,"NW-H-213","1",,,,,,,,
4491,"NW-H-214","1",,,,,,,,
4492,"NW-H-215","1",,,,,,,,
4493,"NW-H-216","1","Hewett","Wayne","C",,"09/20/1948","11/06/2022",,
4494,"NW-H-217","1","Harmon","Georgianna","Duncan","Reeves","05/10/1923","11/08/2006",,
4495,"NW-H-218","1","Parker","Kim","M",,"02/03/1960","08/08/2013",,
4496,"NW-H-219","1",,,,,,,,
4497,"NW-H-220","1","Bowen","Jeffrey","Keith",,"11/12/1960","04/23/2008",,
4498,"NW-H-221","1",,,,,,,,
4499,"NW-H-222","1","Bouchard","Merton","Edward",,"06/14/1936","01/12/2012",,
4500,"NW-H-223","1","Whitehead","Melvin","Alfred",,"03/29/1948","12/04/2006",,
4501,"NW-H-223","2","Short","Mable","Lee",,"09/04/1925","10/22/2008",,
4502,"NW-H-224","1",,,,,,,,
4503,"NW-H-224","2",,,,,,,,
4504,"NW-H-225","1",,,,,,,,
4505,"NW-H-225","2",,,,,,,,
4506,"NW-H-226","1",,,,,,,,
4507,"NW-H-226","2",,,,,,,,
4508,"NW-H-227","1",,,,,,,,
4509,"NW-H-227","2",,,,,,,,
4510,"NW-H-228","1","Stevenson","Henry","Franklin",,"01/19/1944",,"Sr",
4511,"NW-H-228","2","Stevenson","Thi","Tam","Nguyen","07/25/1934",,,
4512,"NW-H-229","1",,,,,,,,
4513,"NW-H-229","2",,,,,,,,
4514,"NW-H-229","3",,,,,,,,
4515,"NW-H-230","1",,,,,,,,
4516,"NW-H-230","2","Vidal","Brittany","Marie",,"05/10/1987","07/20/2007",,
4517,"NW-H-230","3",,,,,,,,
4518,"NW-H-231","1",,,,,,,,
4519,"NW-H-231","2","Vidal","Keith","Anthony",,"12/10/1995","01/05/2014",,
4520,"NW-H-231","3",,,,,,,,
4521,"NW-H-232","1",,,,,,,,
4522,"NW-H-232","2",,,,,,,,
4523,"NW-H-232","3",,,,,,,,
4524,"NW-H-233","1",,,,,,,,
4525,"NW-H-233","2",,,,,,,,
4526,"NW-H-233","3",,,,,,,,
4527,"NW-H-234","1",,,,,,,,
4528,"NW-H-234","2",,,,,,,,
4529,"NW-H-234","3",,,,,,,,
4530,"NW-H-235","1",,,,,,,,
4531,"NW-H-236","1",,,,,,,,
4532,"NW-H-237","1",,,,,,,,
4533,"NW-H-238","1",,,,,,,,
4534,"NW-H-239","1",,,,,,,,
4535,"NW-H-240","1",,,,,,,,
4536,"NW-H-240","2",,,,,,,,
4537,"NW-H-240","3",,,,,,,,
4538,"NW-H-240","4",,,,,,,,
4539,"NW-H-241","1",,,,,,,,
4540,"NW-H-241","2",,,,,,,,
4541,"NW-H-241","3",,,,,,,,
4542,"NW-H-241","4",,,,,,,,
4543,"NW-H-242","1","Evans","William","Richard",,"12/05/1943","12/06/2021","Jr",
4544,"NW-H-242","2","Evans","Cynthia","Lee","Sherril","08/21/1946","07/26/2022",,
4545,"NW-H-242","3",,,,,,,,
4546,"NW-H-242","4",,,,,,,,
4547,"NW-H-243","1",,,,,,,,
4548,"NW-H-243","2","West","Joseph","Lee",,"04/27/1938","05/17/2006",,
4549,"NW-H-243","3",,,,,,,,
4550,"NW-H-243","4",,,,,,,,
4551,"NW-H-244","1",,,,,,,,
4552,"NW-H-245","1",,,,,,,,
4553,"NW-H-246","1",,,,,,,,
4554,"NW-H-247","1","LeClerc","Vincent",,,"10/06/1945","02/23/2005",,
4555,"NW-H-248","1","Stewart","Dorothy","D.",,"04/06/1950","02/01/1995",,
4556,"NW-H-249","1",,,,,,,,
4557,"NW-H-250","1",,,,,,,,
4558,"NW-H-251","1",,,,,,,,
4559,"NW-H-252","1",,,,,,,,
4560,"NW-H-253","1",,,,,,,,
4561,"NW-H-253","2",,,,,,,,
4562,"NW-H-254","1",,,,,,,,
4563,"NW-H-254","2",,,,,,,,
4564,"NW-H-255","1","Clemmons,","Allen","D.",,"11/28/1950","07/29/2009","Jr",
4565,"NW-H-255","2",,,,,,,,
4566,"NW-H-256","1",,,,,,,,
4567,"NW-H-256","2",,,,,,,,
4568,"NW-H-257","1","Smith","James","Wellington (Bubba)",,"06/04/1932","07/21/2007",,
4569,"NW-H-257","2",,,,,,,,
4570,"NW-H-258","1",,,,,,,,
4571,"NW-H-259","1",,,,,,,,
4572,"NW-H-260","1","Salmon","Vernell","G",,"12/19/1939","04/03/2021",,
4573,"NW-H-261","1","Salmon","James","Arthur",,"05/20/1928","11/03/2014",,
4574,"NW-H-262","1","Horne","Larry","Gregory",,"06/27/1954","01/24/2013",,
4575,"NW-H-263","1","Lee","Martha","Elizabeth","Frink","11/29/1937","12/27/2012",,
4576,"NW-H-264","1","Furstenau","Mary","Mildred","Peszlen","11/19/1928","10/23/2012",,
4577,"NW-H-265","1","Vereen","Annie","Mae",,"05/03/1918","05/22/1996",,
4578,"NW-H-266","1","Small","Benard",,,"07/06/1935","11/21/2011",,
4579,"NW-H-267","1","Ledbetter","Juanita",,"Norris","11/12/1937","02/03/1997",,
4580,"NW-H-268","1","Ledbetter,","Curtis","O'Dell",,"01/30/1931","03/31/2006","Sr.",
4581,"NW-H-269","1",,,,,,,,
4582,"NW-H-269","2",,,,,,,,
4583,"NW-H-269","3",,,,,,,,
4584,"NW-H-269","4",,,,,,,,
4585,"NW-H-270","1",,,,,,,,
4586,"NW-H-270","2",,,,,,,,
4587,"NW-H-270","3",,,,,,,,
4588,"NW-H-270","4",,,,,,,,
4589,"NW-H-271","1","Minett","Rose",,"Orlando",,,,
4590,"NW-H-271","2","Minett","James","Edward",,"07/22/1922","11/06/2007",,
4591,"NW-H-271","3",,,,,,,,
4592,"NW-H-271","4",,,,,,,,
4593,"NW-H-272","1",,,,,,,,
4594,"NW-H-272","2",,,,,,,,
4595,"NW-H-272","3","Jorden","Frances",,"Gore","07/15/1927","10/29/2025",,
4596,"NW-H-272","4","Gore","Eugene","Willard",,"12/28/1916","03/11/2013",,
4597,"NW-H-273","1",,,,,,,,
4598,"NW-H-274","1",,,,,,,,
4599,"NW-H-275","1",,,,,,,,
4600,"NW-H-276","1",,,,,,,,
4601,"NW-H-277","1",,,,,,,,
4602,"NW-H-278","1",,,,,,,,
4603,"NW-H-279","1",,,,,,,,
4604,"NW-H-280","1",,,,,,,,
4605,"NW-H-281","1",,,,,,,,
4606,"NW-H-282","1",,,,,,,,
4607,"NW-H-283","1",,,,,,,,
4608,"NW-H-283","2",,,,,,,,
4609,"NW-H-284","1",,,,,,,,
4610,"NW-H-284","2",,,,,,,,
4611,"NW-H-285","1",,,,,,,,
4612,"NW-H-285","2",,,,,,,,
4613,"NW-H-286","1",,,,,,,,
4614,"NW-H-286","2",,,,,,,,
4615,"NW-H-287","1",,,,,,,,
4616,"NW-H-287","2",,,,,,,,
4617,"NW-H-288","1",,,,,,,,
4618,"NW-H-288","2",,,,,,,,
4619,"NW-H-289","1","Hinson","Betty","Prince",,"04/12/1937","07/27/2004",,
4620,"NW-H-289","2","Hinson,","James","D.",,"04/14/1933","10/18/1994","Sr.",
4621,"NW-H-290","1","Teague","Debra","Kay","Howard","01/31/1965","06/09/2003",,
4622,"NW-H-290","2",,,,,,,,
4623,"NW-H-291","1","Price","Lois","G",,"01/04/1922","10/13/2012",,
4624,"NW-H-291","2","Price","Thomas","J.",,"06/22/1931","09/30/1997",,
4625,"NW-H-292","1","Joyner","Flora",,,"02/20/1928","04/23/1997",,
4626,"NW-H-292","2","Joyner","Charles",,,"01/08/1923","01/07/2020",,
4627,"NW-H-293","1","Gore","Archie","Dougle",,"03/30/1920","03/22/2005",,
4628,"NW-H-293","2","Gore","Sadie","Ruth",,"03/31/1922","01/28/1997",,
4629,"NW-H-294","1","Lee","Alexander","""Bubba""",,"05/03/1933","08/05/1995",,
4630,"NW-H-295","1","McNeil","Mamie",,"Odom","05/17/1917","10/26/1997",,
4631,"NW-H-296","1","Davis,","Robert",,,"00/00/1923","00/00/1997"," Jr",
4632,"NW-H-297","1","Davis,","James",,,,,"Sr.",
4633,"NW-H-298","1",,,,,,,,
4634,"NW-H-299","1",,,,,,,,
4635,"NW-H-299","2","Thompson","Robert (Toby)","Barr",,"01/29/1912","07/29/2003",,
4636,"NW-H-300","1",,,,,,,,
4637,"NW-H-300","2","Williams","Edward",,,"09/18/1937","08/14/2001",,
4638,"NW-H-301","1","Ray","Mae","Bell",,"12/19/1946","10/19/2007",,
4639,"NW-H-301","2","Ray,","Joseph",,,,," Sr.",
4640,"NW-H-302","1","Clemmons","Orabelle",,"W.","07/20/1927","08/20/2007",,
4641,"NW-H-302","2","Clemmons,","Allen",,,"00/00/1928","00/00/1999"," Sr.",
4642,"NW-H-303","1","Sykes","Joyce",,"Robinson","02/08/1944","09/26/2012",,
4643,"NW-H-303","2","Sykes","Donald",,,,,,
4644,"NW-H-304","1","Fridley","Frances","Katherine","Wiseman","03/26/1925","08/07/2001",,
4645,"NW-H-304","2","Fridley","Samuel","Vinyard",,"09/28/1925","05/06/2010",,
4646,"NW-H-305","1","Creech","Robert","Gene",,"12/14/1928","05/18/2003",,
4647,"NW-H-305","2","Creech","Lottie","Jane","Sellers","03/10/1929","03/08/2012",,
4648,"NW-H-306","1",,,,,,,,
4649,"NW-H-306","2",,,,,,,,
4650,"NW-H-307","1",,,,,,,,
4651,"NW-H-307","2",,,,,,,,
4652,"NW-H-308","1","Howard","Carolyn","Yvonne","Jolly","06/16/1950","01/04/2020",,
4653,"NW-H-308","2","Jolly","William","Patrick",,"06/19/1967","07/02/2001",,
4654,"NW-H-309","1",,,,,,,,
4655,"NW-H-310","1",,,,,,,,
4656,"NW-H-311","1","Davis","James","Harold",,,,,
4657,"NW-H-312","1",,,,,,,,
4658,"NW-H-313","1","Best","Mikdred",,"Hewett","03/18/1929","04/12/2012",,
4659,"NW-H-314","1","Johnson","Ernestine","C.",,"11/28/1930","07/06/2007",,
4660,"NW-H-315","1","Washington","Walter",,,,"05/12/2004",,
4661,"NW-H-316","1","Clemmons","Lillian",,,"00/00/1906","00/00/1997",,
4662,"NW-H-317","1","Smith","Dennis","Edward",,"07/01/1960","12/10/2006",,
4663,"NW-H-318","1",,,,,,,,
4664,"NW-H-319","1",,,,,,,,
4665,"NW-H-319","2","Dennis","John","William",,"10/12/1926","12/01/2012",,
4666,"NW-H-320","1",,,,,,,,
4667,"NW-H-320","2","Clarida","Roosevelt",,,"12/10/1926","05/26/2009",,
4668,"NW-H-321","1","Bryant","Virginia","C.",,"00/00/1926","00/00/1962",,
4669,"NW-H-321","2","Bryant","George","L.",,"00/00/1953","00/00/1971",,
4670,"NW-H-322","1","Varnum","Richard",,,,,,
4671,"NW-H-322","2",,,,,,,,
4672,"NW-H-323","1","Loeffler","Ruth",,"Schirmer","11/26/1921","02/09/2001",,
4673,"NW-H-323","2","Loeffler","William","Steven",,"03/10/1917","01/19/2013",,
4674,"NW-H-324","1",,,,,,,,
4675,"NW-H-324","2",,,,,,,,
4676,"NW-H-325","1","Cowan","Leander",,,"05/15/1955","09/12/2020",,
4677,"NW-H-325","2","Holmes","Eva","Virginia",,"03/08/1952","04/25/2025",,
4678,"NW-H-326","1","Cowan","A",,,"07/12/1953",,"Howard",
4679,"NW-H-326","2",,,,,,,,
4680,"NW-H-327","1",,,,,,,,
4681,"NW-H-327","2",,,,,,,,
4682,"NW-H-328","1","Rhyne","Mary",,"Bryant","01/29/1923","04/20/2008",,
4683,"NW-H-328","2","Rhyne","Aldice","Richard",,"08/27/1921","08/17/2003",,
4684,"NW-H-329","1","Baxter","Hilda",,"Moura","03/19/1916","01/11/2006",,
4685,"NW-H-330","1","Brown,","John","Dwight",,"12/29/1954","08/30/2004","Jr.",
4686,"NW-H-331","1","Cowaan","Betty","Jo","Jackson","01/27/1953","09/24/2015",,
4687,"NW-H-332","1","Jackson","Sarah","Inez","Brown","09/27/1953","05/30/2017",,
4688,"NW-H-333","1","Mcneil","Thomas",,,"11/22/1923","07/09/2004",,
4689,"NW-H-334","1","Mellor","Charles","Thomas",,"12/16/1922","12/18/1998","Sr.",
4690,"NW-H-335","1",,,,,,,,
4691,"NW-H-336","1",,,,,,,,
4692,"NW-H-337","1",,,,,,,,
4693,"NW-H-338","1",,,,,,,,
4694,"NW-H-338","2",,,,,,,,
4695,"NW-H-338","3",,,,,,,,
4696,"NW-H-338","4",,,,,,,,
4697,"NW-H-339","1","Howard","James","Fox",,"09/06/1921","04/28/2003",,
4698,"NW-H-339","2","Howard","Vera","Catherine","Jorgensen","05/30/1919","01/30/2004",,
4699,"NW-H-339","3",,,,,,,,
4700,"NW-H-339","4",,,,,,,,
4701,"NW-H-340","1",,,,,,,,
4702,"NW-H-340","2","Stephens","James (Steve)","Harold",,"06/01/1967","07/11/2020",,
4703,"NW-H-340","3",,,,,,,,
4704,"NW-H-340","4",,,,,,,,
4705,"NW-H-341","1",,,,,,,,
4706,"NW-H-342","1",,,,,,,,
4707,"NW-H-343","1","Stephens","William","Terry",,"05/14/1943","02/08/2016",,
4708,"NW-H-344","1","Schultze","Doris","Stephens","Hickman","11/16/1924","03/22/2004",,
4709,"NW-H-345","1","Winch,","David","Lee",,"07/06/1936","07/24/1999","Sr.",
4710,"NW-H-345","2","Winch","Muriel","J.",,"01/28/1939","01/03/2012",,
4711,"NW-H-346","1","Simmons","Harry","Herbert",,"09/19/1925","08/30/2012",,
4712,"NW-H-346","2","Simmons","Salema","Ivey",,"06/30/1932","12/22/2021",,
4713,"NW-H-347","1","Hall","Lillie","Ruth","Gore","04/27/1943","02/26/2007",,
4714,"NW-H-347","2",,,,,,,,
4715,"NW-H-348","1","Brown","Charles","Lee",,"05/22/1949","08/16/2019",,
4716,"NW-H-348","2","Brown","Ellis","Leaneor",,"09/03/1950","12/05/2019",,
4717,"NW-H-349","1","Johnson","Susan","Marie","Jackson","08/03/1954","01/31/1997",,
4718,"NW-H-349","2","Jackson","Marjorie",,"Smith","10/27/1925","11/21/2007",,
4719,"NW-H-350","1","Mealt","Stephen","Edwin",,"05/25/1947","09/26/2021",,
4720,"NW-H-350","2","Mealy","Mary",,"Butcher","08/16/1921","03/03/2008",,
4721,"NW-H-351","1","Joyner","Larrry","Walter",,"04/07/1951","05/04/2006",,
4722,"NW-H-351","2",,,,,,,,
4723,"NW-H-352","1","Felber","Robert","Peter",,"07/29/1936","07/30/2019",,
4724,"NW-H-352","2","Felber","Elizabeth","Jane","Snyder","08/16/1939","07/10/2006",,
4725,"NW-H-353","1","Kesler,","Myron","Everette",,"10/14/1926","09/13/2006","Sr.",
4726,"NW-H-353","2","Kesler","Iona",,"Wade","03/14/1929","05/15/2014",,
4727,"NW-H-354","1",,,,,,,,
4728,"NW-H-354","2",,,,,,,,
4729,"NW-H-355","1","Conn","Carol","Eloise","Gudim","12/02/1917","11/07/2014",,
4730,"NW-H-355","2","Conn","Rev. Gerald","William",,"05/08/1914","06/21/2005",,
4731,"NW-H-356","1","Ward","Elaine","Catherine","Carpenter","10/30/1951","08/25/2006",,
4732,"NW-H-356","2",,,,,,,,
4733,"NW-H-357","1",,,,,,,,
4734,"NW-H-357","2",,,,,,,,
4735,"NW-H-358","1",,,,,,,,
4736,"NW-H-358","2","Anderson","Mary","Inez","Moore","12/06/1921","11/10/2007",,
4737,"NW-H-358","3","Anderson","Amelia","Inez",,"08/15/1950","07/30/2008",,
4738,"NW-H-359","1",,,,,,,,
4739,"NW-H-359","2",,,,,,,,
4740,"NW-H-359","3",,,,,,,,
4741,"NW-H-360","1","Gore","Elias","Alfred",,"08/04/1937","10/12/2006",,
4742,"NW-H-361","1",,,,,,,,
4743,"NW-H-362","1",,,,,,,,
4744,"NW-H-363","1",,,,,,,,
4745,"NW-H-363","2","Clemmer","Bobby","Graham",,"07/19/1937","07/01/2001",,
4746,"NW-H-364","1","Edwards","Dale (Skip)","Francis",,"11/24/1944","09/05/2003",,
4747,"NW-H-364","2",,,,,,,,
4748,"NW-H-365","1",,,,,,,,
4749,"NW-H-365","2",,,,,,,,
4750,"NW-H-366","1",,,,,,,,
4751,"NW-H-366","2",,,,,,,,
4752,"NW-H-367","1","McAfee","Rose","Evelyn","Swain","04/07/1934","12/08/2009",,
4753,"NW-H-367","2","McAfee","Robert",,,"00/00/1932","00/00/1998",,
4754,"NW-H-368","1",,,,,,,,
4755,"NW-H-368","2",,,,,,,,
4756,"NW-H-369","1","Smith","Clyde","Henderson",,"04/02/1922","11/27/2011",,
4757,"NW-H-369","2","Smith","Mabel",,,"02/14/1930","04/08/2017",,
4758,"NW-H-370","1",,,,,,,,
4759,"NW-H-370","2",,,,,,,,
4760,"NW-H-371","1",,,,,,,,
4761,"NW-H-371","2",,,,,,,,
4762,"NW-H-372","1","Thomas","John","Joseph",,"08/11/1941","02/10/2005",,
4763,"NW-H-372","2",,,,,,,,
4764,"NW-H-373","1",,,"L.",,,,,
4765,"NW-H-374","1",,,,,,,,
4766,"NW-H-375","1",,,,,,,,
4767,"NW-H-376","1",,,,,,,,
4768,"NW-H-377","1","Myrie","Gladys","Lillarrd",,"01/18/1947","05/22/2009",,
4769,"NW-H-378","1",,,,,,,,
4770,"NW-H-379","1","Jackowski","Robert Steven &","Edris Georgette"," Miller 1938-2013","12/25/1933","12/07/2008",,
4771,"NW-H-380","1","Haney","John","Gilbert",,"11/09/1960","08/30/2008","Jr.",
4772,"NW-H-381","1",,,,,,,,
4773,"NW-H-382","1","Dennis","Lori",,,,,,
4774,"NW-H-383","1","Cowan","Gene","Nelson",,"07/07/1938","08/29/1999",,
4775,"NW-H-383","2","Cowan","Judith","Ann","Bennett","11/16/1939","12/30/2003",,
4776,"NW-H-384","1",,,,,,,,
4777,"NW-H-384","2",,,,,,,,
4778,"NW-H-385","1",,,,,,,,
4779,"NW-H-385","2","Gore","Glenn","Disinterred Sept 2006","Reinterred Sept 2006","05/16/1940","06/22/2005",,
4780,"NW-H-386","1","Champion","Jimmy","Reginald",,"04/16/1930","01/12/2014",,
4781,"NW-H-386","2","Champion","Margaret",,"Browning","09/01/1943","06/15/2009",,
4782,"NW-H-387","1","Mathews","Albert","Lincoln",,"09/01/1915","03/29/2002",,
4783,"NW-H-387","2","Mathews","Margaret",,,"06/10/1924","02/27/2003",,
4784,"NW-H-388","1",,,,,,,,
4785,"NW-H-388","2","Gregson","Richard","Michael",,"12/05/1940","10/26/1999",,
4786,"NW-H-389","1","Lennon","Martha","Cary","Eppes","08/02/1915","06/07/2004",,
4787,"NW-H-389","2","Lennon","Francis","Cromartie",,"08/18/1914",,,
4788,"NW-H-390","1","Bruce","Charles","E.",,"03/10/1934","06/24/2007",,
4789,"NW-H-390","2","Bruce","Judy","Faye","Parker","03/23/1939","10/07/2013",,
4790,"NW-H-391","1","Lee","Howard",,,"11/06/1944","10/12/2016","Jr.",
4791,"NW-H-391","2",,,,,,,,
4792,"NW-H-392","1",,,,,,,,
4793,"NW-H-392","2","Hankins","Gloria","Irene",,"06/12/1939","10/19/2020",,
4794,"NW-H-393","1","Bell","Joyce","Juanita","Myers",,,,
4795,"NW-H-394","1",,,,,,,,
4796,"NW-H-395","1","Edwards","Debra",,,"06/08/1957","08/31/2010",,
4797,"NW-H-396","1",,,,,,,,
4798,"NW-H-397","1","Davis","Clyde","Harold",,"08/05/1938","08/16/2007",,
4799,"NW-H-398","1",,,,,,,,
4800,"NW-H-399","1",,,,,,,,
4801,"NW-H-400","1","Potter","Cathy",,"Greene","05/30/1949","07/11/2001",,
4802,"NW-H-401","1",,,,,,,,
4803,"NW-H-402","1",,,,,,,,
4804,"NW-H-402","2",,,,,,,,
4805,"NW-H-402","3",,,,,,,,
4806,"NW-H-402","4",,,,,,,,
4807,"NW-H-403","1",,,,,,,,
4808,"NW-H-403","2",,,,,,,,
4809,"NW-H-403","3",,,,,,,,
4810,"NW-H-403","4",,,,,,,,
4811,"NW-H-404","1",,,,,,,,
4812,"NW-H-404","2",,,,,,,,
4813,"NW-H-404","3",,,,,,,,
4814,"NW-H-404","4",,,,,,,,
4815,"NW-H-405","1",,,,,,,,
4816,"NW-H-406","1",,,,,,,,
4817,"NW-H-407","1",,,,,,,,
4818,"NW-H-408","1",,,,,,,,
4819,"NW-H-409","1","Jackson","Elbert",,,"02/26/1919","09/29/2000",,
4820,"NW-H-410","1","Morris","Annie",,"Jackson","05/29/1908","10/03/2005",,
4821,"NW-H-411","1",,,,,,,,
4822,"NW-H-412","1","Potter","Archie","Leroy",,"10/15/1943","01/22/2004",,
4823,"NW-H-413","1",,,,,,,,
4824,"NW-H-414","1","Leonard","Clyde",,,"10/21/1922","06/10/2004",,
4825,"NW-H-415","1","Baker","Lillian","Cleo",,"09/19/1931","08/06/2009",,
4826,"NW-H-416","1",,,,,,,,
4827,"NW-H-417","1","White","William","Earl (Baybay)",,"03/31/1956","09/04/2010",,
4828,"NW-H-418","1","Lee","Evelyn","Annette","Hewett","10/19/1943","10/06/2009",,
4829,"NW-H-419","1","White,","Joseph",,,"00/00/1932","00/00/2001","Jr.",
4830,"NW-H-419","2",,,,,,,,
4831,"NW-H-420","1",,,,,,,,
4832,"NW-H-420","2",,,,,,,,
4833,"NW-H-421","1","Clemmons","Paul","Edward",,"03/26/1952","09/28/2025",,
4834,"NW-H-421","2",,,,,,,,
4835,"NW-H-422","1",,,,,,,,
4836,"NW-H-422","2",,,,,,,,
4837,"NW-H-423","1","Sanders","William","Joseph",,"01/18/1956","06/20/2002",,
4838,"NW-H-423","2",,,,,,,,
4839,"NW-H-424","1","Baggett","John","Elkin",,"04/30/1934","02/15/2005",,
4840,"NW-H-424","2","Fullwood","Laura","Ann","Tyler","02/24/1940","03/18/2013",,
4841,"NW-H-424","3",,,,,,,,
4842,"NW-H-425","1",,,,,,,,
4843,"NW-H-425","2",,,,,,,,
4844,"NW-H-425","3",,,,,,,,
4845,"NW-H-426","1",,,,,,,,
4846,"NW-H-426","2",,,,,,,,
4847,"NW-H-426","3",,,,,,,,
4848,"NW-H-427","1","Jones","William","Howard",,"04/18/1947","08/09/2012",,
4849,"NW-H-427","2","McNeil","Elnera",,,"08/29/1925","02/10/2014",,
4850,"NW-H-427","3","Jones","Edward",,,"12/15/1944","09/25/2020",,
4851,"NW-H-428","1",,,,,,,,
4852,"NW-H-428","2","Alexander","DeConja",,,"12/29/1947","04/22/2017",,
4853,"NW-H-428","3",,,,,,,,
4854,"NW-H-429","1","McKeithan","Lula",,"Brown","01/16/1921","06/24/2017",,
4855,"NW-H-429","2","McKeithan","Homer","Gladstone",,"11/15/1913","12/14/2000",,
4856,"NW-H-430","1","Watson","Myrtle","Brown",,"12/12/1917","08/02/2121",,
4857,"NW-H-430","2","Watson","Duncan","Isham",,"06/01/1917","09/28/2005",,
4858,"NW-H-431","1",,,,,,,,
4859,"NW-H-431","2",,,,,,,,
4860,"NW-H-432","1",,,,,,,,
4861,"NW-H-433","1","McNutt","Deborah","Ann","Rollen","03/11/1953","07/25/2006",,
4862,"NW-H-433","2",,,,,,,,
4863,"NW-H-434","1","Brown","Lloyd","Benton",,"07/26/1929","08/11/2019",,
4864,"NW-H-434","2","Brown","Julia","A.",,"07/17/1938","04/02/2017",,
4865,"NW-H-435","1",,,,,,,,
4866,"NW-H-435","2",,,,,,,,
4867,"NW-H-436","1",,,,,,,,
4868,"NW-H-436","2",,,,,,,,
4869,"NW-H-437","1",,,,,,,,
4870,"NW-H-437","2",,,,,,,,
4871,"NW-H-438","1","McKeithan","Charles","Leon",,"12/06/1916","12/03/2003",,
4872,"NW-H-438","2","McKeithan","Emily",,,"03/08/1925","08/11/2022",,
4873,"NW-H-439","1","Champion","Jerry","Brady",,"12/06/1958","02/06/2007",,
4874,"NW-H-439","2","Champion","Donna","Marie",,"09/07/1945","11/25/2007",,
4875,"NW-H-440","1",,,,,,,,
4876,"NW-H-440","2",,,,,,,,
4877,"NW-H-441","1",,,,,,,,
4878,"NW-H-441","2",,,,,,,,
4879,"NW-H-442","1",,,,,,,,
4880,"NW-H-442","2","Harvey","Ralph","Edward",,"07/27/1955","03/11/2005",,
4881,"NW-H-443","1",,,,,,,,
4882,"NW-H-443","2",,,,,,,,
4883,"NW-H-444","1","Barnes","Shirley","Elizabeth",,"06/28/1939","09/28/1996",,
4884,"NW-H-444","2","Barnes,","Harvey","Lee",,"02/06/1948","04/17/2005","III",
4885,"NW-H-445","1",,,,,,,,
4886,"NW-H-445","2",,,,,,,,
4887,"NW-H-446","1","Greer","Barry","Matthew",,"03/20/1978","09/28/2004",,
4888,"NW-H-446","2",,,,,,,,
4889,"NW-H-447","1","Greer","Steven","B",,"06/01/1956","03/27/2012","Sr.",
4890,"NW-H-447","2",,,,,,,,
4891,"NW-H-448","1",,,,,,,,
4892,"NW-H-448","2",,,,,,,,
4893,"NW-H-449","1","Wallace,","Clarence","Avery",,"08/20/1948","09/20/2008","Jr.",
4894,"NW-H-449","2",,,,,,,,
4895,"NW-H-450","1",,,,,,,,
4896,"NW-H-450","2",,,,,,,,
4897,"NW-H-451","1",,,,,,,,
4898,"NW-H-451","2",,,,,,,,
4899,"NW-H-452","1",,,,,,,,
4900,"NW-H-452","2",,,,,,,,
4901,"NW-H-453","1",,,,,,,,
4902,"NW-H-453","2","Scoggins","Henry","Dwight",,"11/20/1920","11/21/1998",,
4903,"NW-H-454","1",,,,,,,,
4904,"NW-H-455","1","Renn,","James","McClellan","(Pate)","04/07/1962","02/24/2000"," III",
4905,"NW-H-456","1",,,,,,,,
4906,"NW-H-457","1","Renn,","Christopher","Dean",,"04/16/1986","07/13/2011"," II",
4907,"NW-H-458","1",,,,,,,,
4908,"NW-H-459","1",,,,,,,,
4909,"NW-H-459","2",,,,,,,,
4910,"NW-H-459","3",,,,,,,,
4911,"NW-H-459","4","Clark","Deborah","Kaye",,"09/12/1949","04/22/2004",,
4912,"NW-H-460","1",,,,,,,,
4913,"NW-H-460","2",,,,,,,,
4914,"NW-H-460","3",,,,,,,,
4915,"NW-H-460","4",,,,,,,,
4916,"NW-H-461","1",,,,,,,,
4917,"NW-H-461","2",,,,,,,,
4918,"NW-H-461","3",,,,,,,,
4919,"NW-H-461","4",,,,,,,,
4920,"NW-H-462","1",,,,,,,,
4921,"NW-H-463","1",,,,,,,,
4922,"NW-H-464","1",,,,,,,,
4923,"NW-H-465","1",,,,,,,,
4924,"NW-H-467","1","Graham","Terry","Annette",,"10/31/1968","10/16/2012",,
4925,"NW-H-468","1",,,,,,,,
4926,"NW-H-469","1",,,,,,,,
4927,"NW-H-470","1","Hensley / Hensley","Linda / Rocky","Diane / Matthew","07/03/1986 d 01/06/2017","03/27/1954","09/13/2008",,
4928,"NW-H-471","1",,,,,,,,
4929,"NW-H-472","1",,,,,,,,
4930,"NW-H-473","1","Hargrove","Geneva",,"Smith","06/29/1952","09/13/2010",,
4931,"NW-H-474","1",,,,,,,,
4932,"NW-H-475","1","Cozzens","Ralph","Adrien",,"01/05/1945","01/28/2005",,
4933,"NW-H-475","2",,,,,,,,
4934,"NW-H-476","1","Davis,","George","Ralph",,"06/30/1963","10/06/2009","Jr.",
4935,"NW-H-476","2",,,,,,,,
4936,"NW-H-477","1",,,,,,,,
4937,"NW-H-477","2",,,,,,,,
4938,"NW-H-478","1","Wise","Marion","Connley",,"09/02/1946",,,
4939,"NW-H-478","2","Wise","Alvina","""Vina""","Arehart","09/08/1947","09/08/2003",,
4940,"NW-H-479","1",,,,,,,,
4941,"NW-H-479","2","Honeycutt","Hoa","Thi","Pham","05/16/1948","04/03/2000",,
4942,"NW-H-480","1",,,,,,,,
4943,"NW-H-480","2",,,,,,,,
4944,"NW-H-480","3","Hill","Charles","Richard","""Ricky""","09/02/1983","06/28/2001",,
4945,"NW-H-481","1",,,,,,,,
4946,"NW-H-481","2",,,,,,,,
4947,"NW-H-481","3",,,,,,,,
4948,"NW-H-482","1",,,,,,,,
4949,"NW-H-482","2",,,,,,,,
4950,"NW-H-482","3",,,,,,,,
4951,"NW-H-483","1",,,,,,,,
4952,"NW-H-483","2",,,,,,,,
4953,"NW-H-483","3",,,,,,,,
4954,"NW-H-484","1","McCowan","Nicholas","Victer",,"09/23/1981","02/27/2007",,
4955,"NW-H-484","2",,,,,,,,
4956,"NW-H-484","3",,,,,,,,
4957,"NW-H-485","1",,,,,,,,
4958,"NW-H-486","1",,,,,,,,
4959,"NW-H-487","1",,,,,,,,
4960,"NW-H-488","1",,,,,,,,
4961,"NW-H-489","1",,,,,,,,
4962,"NW-H-490","1",,,,,,,,
4963,"NW-H-490","2",,,,,,,,
4964,"NW-H-490","3",,,,,,,,
4965,"NW-H-490","4","Lineberry","Amber","Marie",,"09/01/2004","07/18/2006",,
4966,"NW-H-491","1",,,,,,,,
4967,"NW-H-491","2","Criscoe","Geraldine",,"Teddet","08/10/1958","06/23/2008",,
4968,"NW-H-491","3",,,,,,,,
4969,"NW-H-491","4",,,,,,,,
4970,"NW-H-492","1",,,,,,,,
4971,"NW-H-492","2","Morrison","Clarence","Russell",,"06/10/1935","02/23/2014",,
4972,"NW-H-492","3",,,,,,,,
4973,"NW-H-492","4",,,,,,,,
4974,"NW-H-493","1","Austin","Virginia","Lee",,"09/10/1952","04/23/2001",,
4975,"NW-H-494","1",,,,,,,,
4976,"NW-H-495","1",,,,,,,,
4977,"NW-H-496","1",,,,,,,,
4978,"NW-H-497","1",,,,,,,,
4979,"NW-H-498","1","Bayeradorfer","Lieselotte",,,"02/10/1935","10/04/2012",,
4980,"NW-H-499","1",,,,,,,,
4981,"NW-H-500","1",,,,,,,,
4982,"NW-H-501","1","Zinn","Jack","Edward",,"06/30/1918","04/21/2003",,
4983,"NW-H-501","2","Zinn","Anna",,"Dell","04/30/1919","01/28/2012",,
4984,"NW-H-502","1","Wilson","Donald","Randolph",,"02/23/1944","02/08/2022",,
4985,"NW-H-502","2","Wilson","Anna","Jane","Kells","05/29/1947","02/11/2020",,
4986,"NW-H-503","1",,,,,,,,
4987,"NW-H-503","2",,,,,,,,
4988,"NW-H-504","1","Hiatt","Theodore","Rosevelt",,"07/22/2000","08/28/2009",,
4989,"NW-H-504","2",,,,,,,,
4990,"NW-H-505","1","Sjogren","Agnes","Anne",,"10/30/1914","11/13/2007",,
4991,"NW-H-505","2","Barry","Edward",,,"07/13/1935","01/28/2015",,
4992,"NW-H-506","1",,,,,,,,
4993,"NW-H-507","1",,,,,,,,
4994,"NW-H-508","1","Jackson","Antoine","LaShawn",,"06/07/1976","04/23/2012",,
4995,"NW-H-509","1",,,,,,,,
4996,"NW-H-510","1",,,,,,,,
4997,"NW-H-511","1",,,,,,,,
4998,"NW-H-512","1","Nichols","Nancy",,"Tuck","05/10/1933","07/21/1016",,
4999,"NW-H-513","1","Jackson","Larnice",,"Davis","12/28/1936","12/23/2012",,
5000,"NW-H-514","1","Goins","Donald","Gray",,"05/03/1941","04/30/2004",,
5001,"NW-H-515","1","Rivenbark","Barbara","Renee","Rossii","07/04/1945","11/07/2006",,
5002,"NW-H-515","2",,,,,,,,
5003,"NW-H-515","3",,,,,,,,
5004,"NW-H-515","4",,,,,,,,
5005,"NW-H-516","1",,,,,,,,
5006,"NW-H-516","2",,,,,,,,
5007,"NW-H-516","3",,,,,,,,
5008,"NW-H-516","4",,,,,,,,
5009,"NW-H-517","1",,,,,,,,
5010,"NW-H-517","2",,,,,,,,
5011,"NW-H-517","3",,,,,,,,
5012,"NW-H-517","4",,,,,,,,
5013,"NW-H-518","1",,,,,,,,
5014,"NW-H-519","1",,,,,,,,
5015,"NW-H-520","1",,,,,,,,
5016,"NW-H-521","1",,,,,,,,
5017,"NW-H-522","1",,,,,,,,
5018,"NW-H-523","1","Smith","Vivian",,,"03/18/1945","07/19/2019",,
5019,"NW-H-524","1",,,,,,,,
5020,"NW-H-525","1",,,,,,,,
5021,"NW-H-526","1",,,,,,,,
5022,"NW-H-527","1","Mabe","Maynard","Eugene",,"07/18/1941","09/08/2010",,
5023,"NW-H-527","2",,,,,,,,
5024,"NW-H-528","1",,,,,,,,
5025,"NW-H-528","2",,,,,,,,
5026,"NW-H-529","1",,,,,,,,
5027,"NW-H-529","2",,,,,,,,
5028,"NW-H-530","1",,,,,,,,
5029,"NW-H-530","2",,,,,,,,
5030,"NW-H-531","1","Jones","Fred","Alonzo",,"10/10/1943","03/29/2017",,
5031,"NW-H-531","2",,,,,,,,
5032,"NW-H-532","1",,,,,,,,
5033,"NW-H-532","2",,,,,,,,
5034,"NW-H-532","3",,,,,,,,
5035,"NW-H-533","1",,,,,,,,
5036,"NW-H-533","2",,,,,,,,
5037,"NW-H-533","3",,,,,,,,
5038,"NW-H-534","1",,,,,,,,
5039,"NW-H-534","2",,,,,,,,
5040,"NW-H-534","3",,,,,,,,
5041,"NW-H-535","1","Holth","Catherine","Ann","Elston","07/21/1931","03/05/2006",,
5042,"NW-H-535","2","Holth","Edward","Theodore",,"07/08/1923","02/08/2006",,
5043,"NW-H-535","3",,,,,,,,
5044,"NW-H-536","1",,,,,,,,
5045,"NW-H-536","2",,,,,,,,
5046,"NW-H-536","3",,,,,,,,
5047,"NW-H-537","1",,,,,,,,
5048,"NW-H-537","2",,,,,,,,
5049,"NW-H-537","3",,,,,,,,
5050,"NW-H-538","1",,,,,,,,
5051,"NW-H-538","2",,,,,,,,
5052,"NW-H-538","3",,,,,,,,
5053,"NW-H-539","1","Pringle","Elvra",,"Washington","09/12/1914","10/29/2006",,
5054,"NW-H-540","1","Bumgardner","Pamela","Loraine",,"01/19/1957","02/01/2014",,
5055,"NW-H-541","1",,,,,,,,
5056,"NW-H-542","1",,,,,,,,
5057,"NW-H-543","1",,,,,,,,
5058,"NW-H-543","2","Lee","Eulene",,"Stidham","01/13/1931","04/13/2012",,
5059,"NW-H-543","3",,,,,,,,
5060,"NW-H-543","4",,,,,,,,
5061,"NW-H-544","1","Davis","Bobbie","Dean",,"11/09/1949","09/28/2008",,
5062,"NW-H-544","2",,,"Possible Water Line","in grave",,,,
5063,"NW-H-544","3",,,,,,,,
5064,"NW-H-544","4",,,,,,,,
5065,"NW-H-545","1",,,,,,,,
5066,"NW-H-545","2",,,"Possible Water Line","in grave",,,,
5067,"NW-H-545","3",,,,,,,,
5068,"NW-H-545","4",,,,,,,,
5069,"NW-H-546","1",,,,,,,,
5070,"NW-H-546","2",,,"Possible Water Line","in grave",,,,
5071,"NW-H-546","3",,,,,,,,
5072,"NW-H-546","4",,,,,,,,
5073,"NW-H-547","1",,,,,,,,
5074,"NW-H-547","2",,,"Possible Water Line","in grave",,,,
5075,"NW-H-547","3",,,,,,,,
5076,"NW-H-547","4",,,,,,,,
5077,"NW-H-548","1",,,,,,,,
5078,"NW-H-549","1",,,"Possible Water Line","in grave",,,,
5079,"NW-H-550","1",,,,,,,,
5080,"NW-H-551","1",,,,,,,,
5081,"NW-H-552","1",,,,,,,,
5082,"NW-H-552","2",,,,,,,,
5083,"NW-H-552","3",,,,,,,,
5084,"NW-H-553","1",,,,,,,,
5085,"NW-H-553","2",,,,,,,,
5086,"NW-H-553","3",,,,,,,,
5087,"NW-H-554","1",,,,,,,,
5088,"NW-H-554","2",,,,,,,,
5089,"NW-H-554","3",,,,,,,,
5090,"NW-H-555","1",,,,,,,,
5091,"NW-H-555","2",,,,,,,,
5092,"NW-H-555","3",,,,,,,,
5093,"NW-H-556","1",,,,,,,,
5094,"NW-H-556","2",,,,,,,,
5095,"NW-H-556","3",,,,,,,,
5096,"NW-H-557","1",,,,,,,,
5097,"NW-H-557","2",,,,,,,,
5098,"NW-H-557","3",,,,,,,,
5099,"NW-H-558","1",,,,,,,,
5100,"NW-H-558","2",,,,,,,,
5101,"NW-H-558","3",,,,,,,,
5102,"NW-H-559","1","Price","Randall","Derrick",,"05/22/1985","01/27/2011",,
5103,"NW-H-559","2",,,,,,,,
5104,"NW-H-559","3",,,,,,,,
5105,"NW-H-560","1",,,,,,,,
5106,"NW-H-560","2",,,,,,,,
5107,"NW-H-560","3",,,,,,,,
5108,"NW-H-561","1",,,,,,,,
5109,"NW-H-561","2",,,,,,,,
5110,"NW-H-561","3",,,,,,,,
5111,"NW-H-562","1","Zarella","Nasinai",,"Rossi","12/31/1925","05/18/2012",,
5112,"NW-H-562","2","Zarella","Cynthia","Ann",,"11/12/1960","08/28/2022",,
5113,"NW-H-562","3","Zarella","Giulio","Armondo",,"11/04/1921","08/13/2011",,
5114,"NW-H-563","1","Clemmons","William","Russell ""Buster""",,"01/09/1937","12/03/2015",,
5115,"NW-H-564","1",,,,,,,,
5116,"NW-H-565","1","Lee","Annie","Mae",,"07/15/1928","06/18/2013",,
5117,"NW-H-566","1","Smith","Ray","Anthony",,"06/23/1957","03/12/2013",,
5118,"NW-H-567 A","1",,,,,,,,
5119,"NW-H-567 A","2",,,,,,,,
5120,"NW-H-567 B","3","Price","Carolynn",,"Galloway","01/02/1946","05/29/2013",,
5121,"NW-H-567 B","4","Price","Kenneth",,,"10/27/1941",,,
5122,"NW-H-568","1",,,,,,,,
5123,"NW-H-568","2","Quinn","Patrick","Robert Franklin",,"05/15/1998","05/12/2017",,
5124,"NW-H-568","3","Quinn","Pamel",,"Kern","03/13/1953","05/21/2012",,
5125,"NW-H-568","4","Quinn","Robert",,,,,,
5126,"NW-H-569",,"Skipped Over",,,,,,,
5127,"NW-H-570","1",,,,,,,,
5128,"NW-H-571","1",,,,,,,,
5129,"NW-H-572","1",,,,,,,,
5130,"NW-H-573","1","Daniel","Roy","Clayton",,"12/04/1935","05/16/2025",,
5131,"NW-H-574","1",,,,,,,,
5132,"NW-H-574","2",,,,,,,,
5133,"NW-H-574","3",,,,,,,,
5134,"NW-H-575","1",,,,,,,,
5135,"NW-H-575","2",,,,,,,,
5136,"NW-H-575","3",,,,,,,,
5137,"NW-H-576","1",,,,,,,,
5138,"NW-H-576","2",,,,,,,,
5139,"NW-H-576","3",,,,,,,,
5140,"NW-H-577","1",,,,,,,,
5141,"NW-H-577","2",,,,,,,,
5142,"NW-H-577","3",,,,,,,,
5143,"NW-H-578","1",,,,,,,,
5144,"NW-H-579","1","Graham","Gerthel",,"Smith","11/26/1940","06/10/2019",,
5145,"NW-H-580","1","Davis","Anna","Deloris","Smith","03/30/1954","07/12/2013",,
5146,"NW-H-581","1","Coles","Colin HughesCourtenay",,,"05/16/1939","09/14/2004",,
5147,"NW-H-582","1","Gorton","Richard","Alan",,"11/25/1932","09/19/2004",,
5148,"NW-H-466","1","Graham","George","Lacy",,"04/02/1930","04/24/2017",,
5149,"NW-C-060","8b","Cochran","Mary","""Betty""","McGlammery","04/04/1938","02/22/2020",,
